,cod_cidades,city,uf,atendido_loggi,distancia_cajamar,populacao,area_em_km2,tem_malha,latitude,longitude,indice_roubo,caminhao,caminhonete,camioneta,motocicleta,preco_gasolina,preco_diesel_s10,area_urbana,pib
0,3550308,SAO PAULO,SP,sim,0,12105804,1522.986,sim,-23.5329,-46.6395,0.9990112442385886,132024.0,495494.0,461970.0,954912.0,4.137,3.375666666666667,950.0,628064882.0
1,3518800,GUARULHOS,SP,não,21.495,1349158,318.014,sim,-23.4538,-46.5333,0.9990112442385886,20532.0,41455.0,29590.0,85801.0,4.393466666666667,3.5988974358974364,179.6,51389524.0
2,3509502,CAMPINAS,SP,sim,91.251,1182410,795.697,sim,-22.9053,-47.0659,0.9990112442385886,20407.0,63265.0,36622.0,115204.0,4.499,3.799,356.0,57673309.0
3,3548708,SAO BERNARDO DO CAMPO,SP,não,18.733,827379,406.18,não,-23.6914,-46.5646,0.9990112442385886,11528.0,33868.0,24599.0,72555.0,4.299,3.649,86.6,47551620.0
4,3547809,SANTO ANDRE,SP,não,20.571,715112,174.84,não,-23.6737,-46.5432,0.9990112442385886,8878.0,28032.0,24760.0,66385.0,4.393466666666667,3.5988974358974364,65.0,28119591.0
5,3549904,SAO JOSE DOS CAMPOS,SP,sim,89.383,703284,1099.613,não,-23.1896,-45.8841,0.9990112442385886,7104.0,28346.0,18638.0,55980.0,4.393466666666667,3.5988974358974364,258.0,30927050.0
6,3534401,OSASCO,SP,não,25.545,697743,64.935,não,-23.5324,-46.7916,0.9990112442385886,9932.0,26034.0,19678.0,61895.0,4.393466666666667,3.5988974358974364,61.0,58566199.0
7,3543402,RIBEIRAO PRETO,SP,sim,317.627,682408,650.366,sim,-21.1699,-47.8099,0.9990112442385886,11410.0,36216.0,21112.0,107647.0,4.393466666666667,3.5988974358974364,229.0,28087397.0
8,3552205,SOROCABA,SP,não,104.948,659961,449.122,não,-23.4969,-47.4451,0.9990112442385886,8121.0,31224.0,17765.0,79681.0,4.393466666666667,3.5988974358974364,206.0,32662452.0
9,3529401,MAUA,SP,não,26.415,462029,62.293,não,-23.6677,-46.4613,0.9990112442385886,4165.0,10550.0,8492.0,35335.0,4.393466666666667,3.5988974358974364,48.7,11329503.0
10,3549805,SAO JOSE DO RIO PRETO,SP,não,441.902,450671,431.307,sim,-20.8113,-49.3758,0.9990112442385886,8505.0,29319.0,13632.0,84805.0,4.393466666666667,3.5988974358974364,117.4,15802010.0
11,3548500,SANTOS,SP,sim,73.059,434640,280.3,não,-23.9535,-46.335,0.9990112442385886,5404.0,11556.0,14524.0,50081.0,4.393466666666667,3.5988974358974364,42.2,20147782.0
12,3530607,MOGI DAS CRUZES,SP,não,64.585,433948,714.156,não,-23.5208,-46.1854,0.9990112442385886,6591.0,15623.0,10772.0,28417.0,4.393466666666667,3.5988974358974364,55.1,13367335.0
13,3513801,DIADEMA,SP,não,20.037,417842,30.65,não,-23.6813,-46.6205,0.9990112442385886,4411.0,11167.0,7646.0,41732.0,4.393466666666667,3.5988974358974364,27.3,13910517.0
14,3525904,JUNDIAI,SP,não,58.825,409515,431.969,não,-23.1852,-46.8974,0.9990112442385886,8069.0,23290.0,14433.0,44315.0,4.393466666666667,3.5988974358974364,50.8,36339235.0
15,3538709,PIRACICABA,SP,não,184.999,397309,1369.511,não,-22.7338,-47.6476,0.9990112442385886,7934.0,23751.0,11654.0,54516.0,4.393466666666667,3.5988974358974364,31.5,22040590.0
16,3510609,CARAPICUIBA,SP,não,29.843,396545,34.967,não,-23.5235,-46.8407,0.9990112442385886,3986.0,10849.0,7499.0,34843.0,4.393466666666667,3.5988974358974364,25.8,4719835.0
17,3506003,BAURU,SP,não,331.914,371663,673.488,sim,-22.3246,-49.0871,0.9990112442385886,6028.0,20135.0,10349.0,47909.0,4.393466666666667,3.5988974358974364,68.9,12137134.0
18,3523107,ITAQUAQUECETUBA,SP,não,42.237,360698,81.777,não,-23.4835,-46.3457,0.9990112442385886,3459.0,7040.0,4642.0,18503.0,4.393466666666667,3.5988974358974364,72.4,5742348.0
19,3551009,SAO VICENTE,SP,não,70.443,360360,148.424,não,-23.9574,-46.3883,0.9990112442385886,2142.0,4798.0,4889.0,40700.0,4.393466666666667,3.5988974358974364,20.0,4940871.0
20,3516200,FRANCA,SP,não,399.017,347226,607.333,não,-20.5352,-47.4039,0.9990112442385886,3866.0,19450.0,7793.0,58907.0,4.393466666666667,3.5988974358974364,49.3,8069332.0
21,3518701,GUARUJA,SP,não,96.045,315546,142.589,não,-23.9888,-46.258,0.9990112442385886,2190.0,5867.0,5197.0,38403.0,4.393466666666667,3.5988974358974364,25.6,7456001.0
22,3541000,PRAIA GRANDE,SP,não,75.827,310168,149.079,não,-24.0084,-46.4121,0.9990112442385886,2418.0,7208.0,5465.0,31901.0,4.393466666666667,3.5988974358974364,21.7,5512844.0
23,3554102,TAUBATE,SP,não,143.228,307964,625.916,não,-23.0104,-45.5593,0.9990112442385886,3268.0,11995.0,7652.0,49584.0,4.379,3.559,25.8,15436985.0
24,3526902,LIMEIRA,SP,não,148.023,300901,580.983,não,-22.566,-47.397,0.9990112442385886,4979.0,16239.0,7293.0,39635.0,4.393466666666667,3.5988974358974364,12.5,11261334.0
25,3552502,SUZANO,SP,não,51.014,290784,205.865,não,-23.5448,-46.3112,0.9990112442385886,3619.0,8491.0,6150.0,15400.0,4.393466666666667,3.5988974358974364,42.2,10130268.0
26,3552809,TABOAO DA SERRA,SP,não,22.897,279699,20.478,não,-23.6019,-46.7526,0.9990112442385886,2718.0,8209.0,6126.0,22996.0,4.393466666666667,3.5988974358974364,20.6,7326979.0
27,3552403,SUMARE,SP,não,119.796,273066,153.033,não,-22.8204,-47.2728,0.9990112442385886,2943.0,10655.0,4789.0,26260.0,4.393466666666667,3.5988974358974364,35.9,11969866.0
28,3505708,BARUERI,SP,não,33.946,267553,64.167,não,-23.5057,-46.879,0.9990112442385886,6082.0,12820.0,9575.0,23496.0,4.393466666666667,3.5988974358974364,55.5,46151952.0
29,3515004,EMBU DAS ARTES,SP,não,33.433,267073,70.079,não,-23.6437,-46.8579,0.9990112442385886,,,,,4.393466666666667,3.5988974358974364,,7412777.0
30,3548906,SAO CARLOS,SP,não,240.029,246101,1140.92,não,-22.0174,-47.886,0.9990112442385886,4074.0,12968.0,6999.0,31108.0,4.393466666666667,3.5988974358974364,35.0,9796013.0
31,3520509,INDAIATUBA,SP,não,105.348,239720,310.564,não,-23.0816,-47.2101,0.9990112442385886,3568.0,13605.0,6564.0,36109.0,4.599,3.599,17.9,12058634.0
32,3513009,COTIA,SP,não,36.225,237857,323.891,não,-23.6022,-46.919,0.9990112442385886,3235.0,10435.0,6884.0,19203.0,4.393466666666667,3.5988974358974364,,10118348.0
33,3529005,MARILIA,SP,não,437.092,235223,1170.054,sim,-22.2171,-49.9501,0.9990112442385886,3458.0,10539.0,5531.0,34842.0,4.393466666666667,3.5988974358974364,23.0,7041950.0
34,3501608,AMERICANA,SP,não,125.997,233882,133.63,não,-22.7374,-47.3331,0.9990112442385886,3485.0,14258.0,7491.0,27048.0,4.393466666666667,3.5988974358974364,50.7,10727869.0
35,3503208,ARARAQUARA,SP,não,278.254,230781,1005.968,não,-21.7845,-48.178000000000004,0.9990112442385886,3900.0,11818.0,6071.0,36974.0,4.393466666666667,3.5988974358974364,38.8,7975227.0
36,3524402,JACAREI,SP,não,82.065,229842,460.073,não,-23.2983,-45.9658,0.9990112442385886,2788.0,8120.0,5159.0,21316.0,4.393466666666667,3.5988974358974364,28.6,9414193.0
37,3522505,ITAPEVI,SP,não,42.627,229555,91.353,não,-23.5488,-46.9327,0.9990112442385886,2099.0,5507.0,3525.0,18619.0,4.393466666666667,3.5988974358974364,20.5,8867669.0
38,3541406,PRESIDENTE PRUDENTE,SP,não,557.451,225259,562.107,sim,-22.1207,-51.3925,0.9990112442385886,4078.0,13205.0,5250.0,34963.0,4.393466666666667,3.5988974358974364,16.5,6878962.0
39,3519071,HORTOLANDIA,SP,não,112.799,222249,62.224,não,-22.8529,-47.2143,0.9990112442385886,2485.0,7542.0,3254.0,17558.0,4.393466666666667,3.5988974358974364,24.5,10171817.0
40,3543907,RIO CLARO,SP,não,177.755,202944,498.008,não,-22.3984,-47.5546,0.9990112442385886,3466.0,10265.0,5539.0,39173.0,4.393466666666667,3.5988974358974364,28.3,8455120.0
41,3502804,ARACATUBA,SP,não,524.258,194854,1167.311,sim,-21.2076,-50.4401,0.9990112442385886,3667.0,10987.0,5083.0,44728.0,4.393466666666667,3.5988974358974364,19.5,6622808.0
42,3545803,SANTA BARBARA D'OESTE,SP,não,sem info,191863,271.492,não,-22.7553,-47.4143,0.9990112442385886,2577.0,9128.0,4629.0,27556.0,4.393466666666667,3.5988974358974364,,
43,3515707,FERRAZ DE VASCONCELOS,SP,não,51.027,188891,30.071,não,-23.5411,-46.371,0.9990112442385886,2103.0,4077.0,3331.0,8758.0,4.393466666666667,3.5988974358974364,15.8,2747746.0
44,3516309,FRANCISCO MORATO,SP,não,49.808,171614,49.164,não,-23.2792,-46.7448,0.9990112442385886,603.0,2343.0,1673.0,8835.0,4.393466666666667,3.5988974358974364,15.1,1268410.0
45,3522208,ITAPECERICA DA SERRA,SP,não,42.392,170947,151.458,não,-23.7161,-46.8572,0.9990112442385886,2500.0,4939.0,3118.0,13644.0,4.393466666666667,3.5988974358974364,6.8,2943707.0
46,3523909,ITU,SP,não,101.241,170161,639.981,não,-23.2544,-47.2927,0.9990112442385886,3270.0,8824.0,4605.0,23246.0,4.393466666666667,3.5988974358974364,17.1,7551445.0
47,3507605,BRAGANCA PAULISTA,SP,não,87.409,164182,513.589,não,-22.9527,-46.5419,0.9990112442385886,3026.0,9530.0,4357.0,28001.0,4.393466666666667,3.5988974358974364,15.7,4840392.0
48,3538006,PINDAMONHANGABA,SP,não,157.619,164016,730.172,não,-22.9246,-45.4613,0.9990112442385886,2057.0,5422.0,3164.0,18858.0,4.393466666666667,3.5988974358974364,15.5,6227820.0
49,3522307,ITAPETININGA,SP,não,173.054,160080,1792.079,não,-23.5886,-48.0483,0.9990112442385886,2993.0,6895.0,2764.0,21613.0,4.393466666666667,3.5988974358974364,14.8,3935738.0
50,3548807,SAO CAETANO DO SUL,SP,não,13.453,159589,15.36,não,-23.6229,-46.5548,0.9990112442385886,2784.0,9142.0,8447.0,11609.0,4.393466666666667,3.5988974358974364,15.4,16153419.0
51,3516408,FRANCO DA ROCHA,SP,não,44.031,149531,133.931,não,-23.3229,-46.729,0.9990112442385886,975.0,3320.0,1984.0,9006.0,4.393466666666667,3.5988974358974364,12.5,2563525.0
52,3530706,MOGI GUACU,SP,não,197.508,149390,813.138,não,-22.3675,-46.9428,0.9990112442385886,,,,,4.393466666666667,3.5988974358974364,15.2,5048999.0
53,3525300,JAU,SP,não,303.042,146352,688.337,não,-22.2936,-48.5592,0.9990112442385886,2556.0,7027.0,3830.0,20969.0,4.049,3.239,12.9,4002111.0
54,3507506,BOTUCATU,SP,não,238.606,142561,1482.874,não,-22.8837,-48.4437,0.9990112442385886,1870.0,7581.0,3980.0,16230.0,4.393466666666667,3.5988974358974364,13.9,4186986.0
55,3504107,ATIBAIA,SP,não,66.309,139686,478.101,não,-23.1171,-46.5563,0.9990112442385886,2617.0,8726.0,4671.0,21922.0,4.393466666666667,3.5988974358974364,13.3,5420788.0
56,3547304,SANTANA DE PARNAIBA,SP,não,43.132,131971,183.816,não,-23.4439,-46.9178,0.9990112442385886,2017.0,6152.0,6116.0,10726.0,4.393466666666667,3.5988974358974364,15.4,8065197.0
57,3503307,ARARAS,SP,não,171.887,131286,643.457,não,-22.3572,-47.3842,0.9990112442385886,2408.0,6478.0,3096.0,20996.0,4.393466666666667,3.5988974358974364,13.3,4431291.0
58,3513504,CUBATAO,SP,não,64.975,128741,142.281,não,-23.8911,-46.424,0.9990112442385886,2821.0,2425.0,1979.0,9971.0,4.393466666666667,3.5988974358974364,,9304123.0
59,3556206,VALINHOS,SP,não,96.827,124066,148.528,não,-22.9698,-46.9974,0.9990112442385886,2238.0,7838.0,4310.0,12591.0,4.393466666666667,3.5988974358974364,28.3,5338650.0
60,3551702,SERTAOZINHO,SP,não,339.083,122653,402.803,não,-21.1316,-47.9875,0.9990112442385886,2794.0,6776.0,2795.0,19430.0,4.393466666666667,3.5988974358974364,12.5,4360402.0
61,3543303,RIBEIRAO PIRES,SP,não,49.662,121837,99.175,não,-23.7067,-46.4058,0.9990112442385886,2876.0,4330.0,3192.0,6570.0,4.393466666666667,3.5988974358974364,7.2,2606481.0
62,3525003,JANDIRA,SP,não,41.795,121506,17.523,não,-23.5275,-46.9023,0.9990112442385886,1260.0,3553.0,2168.0,9889.0,4.393466666666667,3.5988974358974364,12.4,2941506.0
63,3506508,BIRIGUI,SP,não,508.018,120701,530.651,não,-21.291,-50.3432,0.9990112442385886,1901.0,6010.0,2374.0,25249.0,4.799,3.899,12.5,2721174.0
64,3511102,CATANDUVA,SP,não,389.121,120676,292.24,não,-21.1314,-48.977,0.9990112442385886,2940.0,7387.0,3109.0,26362.0,4.393466666666667,3.5988974358974364,14.6,3577635.0
65,3505500,BARRETOS,SP,não,428.241,120626,1563.611,não,-20.5531,-48.5698,0.9990112442385886,2272.0,6431.0,2771.0,23918.0,4.393466666666667,3.5988974358974364,13.4,3790875.0
66,3518404,GUARATINGUETA,SP,não,187.539,120406,751.443,não,-22.8075,-45.1938,0.9990112442385886,1362.0,5156.0,3070.0,15162.0,4.389,3.742,13.4,4471713.0
67,3557006,VOTORANTIM,SP,não,106.035,119901,183.998,não,-23.5446,-47.4388,0.9990112442385886,1319.0,3898.0,2122.0,13724.0,4.393466666666667,3.5988974358974364,13.4,4708770.0
68,3554003,TATUI,SP,não,145.781,118944,524.156,não,-23.3487,-47.8461,0.9990112442385886,2481.0,5596.0,2181.0,21275.0,4.393466666666667,3.5988974358974364,11.9,3417706.0
69,3556503,VARZEA PAULISTA,SP,não,60.492,118924,34.627,não,-23.2136,-46.8234,0.9990112442385886,1236.0,4098.0,2061.0,12716.0,4.393466666666667,3.5988974358974364,12.1,2344124.0
70,3510500,CARAGUATATUBA,SP,não,172.821,116822,483.95,não,-23.6125,-45.4125,0.9990112442385886,1666.0,4444.0,2643.0,16201.0,4.393466666666667,3.5988974358974364,10.7,2885243.0
71,3523404,ITATIBA,SP,não,85.755,116533,322.522,não,-23.0035,-46.8464,0.9990112442385886,2505.0,6479.0,3356.0,12128.0,4.393466666666667,3.5988974358974364,9.6,5147533.0
72,3545209,SALTO,SP,não,104.492,116194,134.258,não,-23.1996,-47.2931,0.9990112442385886,2528.0,4887.0,2505.0,13155.0,4.393466666666667,3.5988974358974364,12.6,5695364.0
73,3539806,POA,SP,não,49.662,115484,17.179,não,-23.5333,-46.3473,0.9990112442385886,1009.0,3113.0,2532.0,6598.0,4.499,3.499,15.7,3940620.0
74,3534708,OURINHOS,SP,não,376.376,111806,296.203,não,-22.9797,-49.8697,0.9990112442385886,2252.0,5309.0,2385.0,16825.0,4.393466666666667,3.5988974358974364,12.4,2847364.0
75,3536505,PAULINIA,SP,não,125.783,102588,139.332,não,-22.7542,-47.1488,0.9990112442385886,2272.0,5688.0,2723.0,9452.0,4.393466666666667,3.5988974358974364,,14655384.0
76,3526704,LEME,SP,não,189.595,101186,403.077,não,-22.1809,-47.3841,0.9990112442385886,2544.0,5184.0,2103.0,15740.0,4.279,3.5988974358974364,11.1,2505532.0
77,3522109,ITANHAEM,SP,não,113.347,98646,599.017,não,-24.1736,-46.788000000000004,0.9990112442385886,996.0,2642.0,1623.0,9887.0,4.393466666666667,3.5988974358974364,39.2,1434501.0
78,3509007,CAIEIRAS,SP,não,40.001,98243,95.894,não,-23.3607,-46.7397,0.9990112442385886,1120.0,3254.0,1958.0,5751.0,4.393466666666667,3.5988974358974364,9.9,3801890.0
79,3528502,MAIRIPORA,SP,não,59.943,95644,321.48,não,-23.3171,-46.5897,0.9990112442385886,2124.0,4347.0,2195.0,8023.0,4.393466666666667,3.5988974358974364,7.4,1500945.0
80,3508504,CACAPAVA,SP,não,113.949,92586,369.907,não,-23.0992,-45.7076,0.9990112442385886,1206.0,3439.0,1743.0,9738.0,4.277,3.497,12.7,3846022.0
81,3550605,SAO ROQUE,SP,não,71.327,88485,307.553,não,-23.5226,-47.1357,0.9990112442385886,1251.0,4144.0,1892.0,7448.0,4.393466666666667,3.5988974358974364,7.5,2272458.0
82,3555406,UBATUBA,SP,não,225.029,88324,712.116,não,-23.4332,-45.0834,0.9990112442385886,834.0,3265.0,1703.0,13144.0,4.449,3.77,9.6,1658499.0
83,3527207,LORENA,SP,não,200.117,87969,413.776,não,-22.7334,-45.1197,0.9990112442385886,976.0,2744.0,1593.0,10073.0,4.393466666666667,3.5988974358974364,10.7,2001683.0
84,3503901,ARUJA,SP,não,43.045,86456,97.448,não,-23.3965,-46.32,0.9990112442385886,3030.0,4793.0,2738.0,6091.0,4.393466666666667,3.5988974358974364,27.2,3759210.0
85,3550704,SAO SEBASTIAO,SP,não,193,85565,403.336,não,-23.7951,-45.4143,0.9990112442385886,952.0,2845.0,1563.0,8545.0,4.393466666666667,3.5988974358974364,8.6,5254869.0
86,3509601,CAMPO LIMPO PAULISTA,SP,não,60.094,82526,80.048,não,-23.2078,-46.7889,0.9990112442385886,693.0,2960.0,1565.0,7863.0,4.393466666666667,3.5988974358974364,9.2,1569453.0
87,3513405,CRUZEIRO,SP,não,227.032,81710,304.572,não,-22.5728,-44.968999999999994,0.9990112442385886,788.0,2252.0,1657.0,9167.0,4.393466666666667,3.5988974358974364,10.7,2141388.0
88,3519709,IBIUNA,SP,não,74.867,77562,1059.689,não,-23.6596,-47.223,0.9990112442385886,2353.0,4983.0,1735.0,8934.0,4.393466666666667,3.5988974358974364,,1438503.0
89,3524303,JABOTICABAL,SP,não,345.807,76554,706.499,não,-21.252,-48.3252,0.9990112442385886,2184.0,4568.0,1801.0,10944.0,4.393466666666667,3.5988974358974364,9.4,2324572.0
90,3556701,VINHEDO,SP,não,79.031,75164,81.742,não,-23.0302,-46.9833,0.9990112442385886,1520.0,5234.0,2787.0,8788.0,4.393466666666667,3.5988974358974364,10.1,7306490.0
91,3509205,CAJAMAR,SP,não,46.694,73942,128.356,não,-23.355,-46.8781,0.9990112442385886,1665.0,3295.0,1740.0,5585.0,4.393466666666667,3.5988974358974364,7.4,9911054.0
92,3512803,COSMOPOLIS,SP,não,141.033,69115,154.73,não,-22.6419,-47.1926,0.9990112442385886,849.0,2578.0,1118.0,7437.0,4.393466666666667,3.5988974358974364,6.7,1227129.0
93,3530508,MOCOCA,SP,não,267.763,68979,854.074,não,-21.4647,-47.0024,0.9990112442385886,1273.0,3396.0,1182.0,8469.0,4.393466666666667,3.5988974358974364,8.6,1675195.0
94,3515103,EMBU-GUACU,SP,não,58.475,68266,155.036,não,-23.8297,-46.8136,0.9990112442385886,2402.0,3191.0,1814.0,5343.0,4.393466666666667,3.5988974358974364,8.4,
95,3537602,PERUIBE,SP,não,137.026,66578,326.214,não,-24.311999999999998,-47.0012,0.9990112442385886,727.0,2271.0,1204.0,7382.0,4.393466666666667,3.5988974358974364,7.7,1416759.0
96,3505906,BATATAIS,SP,não,353.976,61478,850.718,não,-20.8929,-47.5921,0.9990112442385886,1231.0,3644.0,1415.0,7198.0,4.393466666666667,3.5988974358974364,7.5,1454714.0
97,3506359,BERTIOGA,SP,não,103.624,59348,491.701,não,-23.8486,-46.1396,0.9990112442385886,541.0,1906.0,1040.0,5883.0,4.393466666666667,3.5988974358974364,5.0,1536747.0
98,3533403,NOVA ODESSA,SP,não,127.128,58239,73.298,não,-22.7832,-47.2941,0.9990112442385886,978.0,3500.0,1464.0,7284.0,4.393466666666667,3.5988974358974364,26.1,2480005.0
99,3507001,BOITUVA,SP,não,121.404,57942,249.014,não,-23.2855,-47.6786,0.9990112442385886,1584.0,3537.0,1464.0,5845.0,4.393466666666667,3.5988974358974364,5.4,2587854.0
100,3531803,MONTE MOR,SP,não,122.702,57262,240.787,não,-22.945,-47.3122,0.9990112442385886,843.0,2336.0,855.0,4707.0,4.393466666666667,3.5988974358974364,5.6,2950248.0
101,3524006,ITUPEVA,SP,não,74.025,57089,200.516,não,-23.1526,-47.0593,0.9990112442385886,1591.0,3404.0,1412.0,5478.0,4.393466666666667,3.5988974358974364,,3545947.0
102,3546801,SANTA ISABEL,SP,não,59.449,56017,361.494,não,-23.3172,-46.2237,0.9990112442385886,1275.0,2098.0,906.0,5850.0,4.393466666666667,3.5988974358974364,5.5,1450356.0
103,3537800,PIEDADE,SP,não,135.566,55083,745.536,não,-23.7139,-47.4256,0.9990112442385886,1633.0,3687.0,1031.0,8039.0,4.393466666666667,3.5988974358974364,,1129675.0
104,3510401,CAPIVARI,SP,não,138.663,54302,323.198,não,-22.9951,-47.5071,0.9990112442385886,1191.0,2878.0,992.0,5919.0,4.393466666666667,3.5988974358974364,5.5,1639873.0
105,3531100,MONGAGUA,SP,não,94.653,54277,143.171,não,-24.0809,-46.6265,0.9990112442385886,561.0,1450.0,956.0,4279.0,4.393466666666667,3.5988974358974364,5.7,
106,3524709,JAGUARIUNA,SP,não,128.346,54243,142.437,não,-22.7037,-46.9851,0.9990112442385886,1115.0,2955.0,1439.0,8477.0,4.393466666666667,3.5988974358974364,,6821447.0
107,3540606,PORTO FELIZ,SP,não,119.878,52502,556.563,não,-23.2093,-47.5251,0.9990112442385886,1413.0,2939.0,1075.0,6167.0,4.393466666666667,3.5988974358974364,5.9,1429706.0
108,3503802,ARTUR NOGUEIRA,SP,não,152.277,52008,177.752,não,-22.5727,-47.1727,0.9990112442385886,1108.0,2969.0,1206.0,7451.0,4.393466666666667,3.5988974358974364,5.1,
109,3509700,CAMPOS DO JORDAO,SP,não,181.163,51451,289.512,não,-22.7296,-45.5833,0.9990112442385886,667.0,2545.0,1223.0,7086.0,4.549,3.699,6.9,1056052.0
110,3556453,VARGEM GRANDE PAULISTA,SP,não,48.746,50365,33.512,não,-23.5993,-47.022,0.9990112442385886,962.0,2549.0,1350.0,3586.0,4.393466666666667,3.5988974358974364,5.4,1532991.0
111,3531308,MONTE ALTO,SP,não,359.319,49974,347.119,não,-21.2655,-48.4971,0.9990112442385886,1551.0,3173.0,1119.0,10737.0,4.393466666666667,3.5988974358974364,6.5,1520055.0
112,3544103,RIO GRANDE DA SERRA,SP,não,48.525,49414,36.671,não,-23.7437,-46.3971,0.9990112442385886,513.0,917.0,820.0,2443.0,4.393466666666667,3.5988974358974364,6.0,
113,3508405,CABREUVA,SP,não,89.744,47890,259.807,não,-23.3053,-47.1362,0.9990112442385886,1030.0,2135.0,914.0,5179.0,4.393466666666667,3.5988974358974364,,2875873.0
114,3540200,PONTAL,SP,não,354.965,47661,355.262,não,-21.0216,-48.0423,0.9990112442385886,1087.0,1510.0,456.0,2655.0,4.393466666666667,3.5988974358974364,,
115,3511508,CERQUILHO,SP,não,148.747,46754,127.758,não,-23.1665,-47.7459,0.9990112442385886,935.0,2485.0,836.0,5186.0,4.393466666666667,3.5988974358974364,8.1,1571087.0
116,3537107,PEDREIRA,SP,não,143.306,46603,109.71,não,-22.7413,-46.8948,0.9990112442385886,828.0,2653.0,1134.0,10826.0,4.393466666666667,3.5988974358974364,5.6,1025557.0
117,3528403,MAIRINQUE,SP,não,75.906,46563,209.757,não,-23.5398,-47.185,0.9990112442385886,631.0,2067.0,866.0,4883.0,4.393466666666667,3.5988974358974364,5.6,1540245.0
118,3527306,LOUVEIRA,SP,não,71.405,45959,55.349,não,-23.0856,-46.9484,0.9990112442385886,1020.0,2434.0,1064.0,6539.0,4.393466666666667,3.5988974358974364,,9244651.0
119,3554805,TREMEMBE,SP,não,156.045,45910,192.416,não,-22.9571,-45.5475,0.9990112442385886,532.0,1314.0,856.0,4090.0,4.393466666666667,3.5988974358974364,5.0,
120,3545308,SALTO DE PIRAPORA,SP,não,126.476,44398,280.312,não,-23.6474,-47.5743,0.9990112442385886,764.0,1764.0,669.0,4248.0,4.393466666666667,3.5988974358974364,,1383574.0
121,3551504,SERRANA,SP,não,313.008,43797,125.744,não,-21.2043,-47.5952,0.9990112442385886,706.0,1746.0,725.0,3706.0,4.393466666666667,3.5988974358974364,5.3,
122,3534302,ORLANDIA,SP,não,368.017,43305,296.431,não,-20.7169,-47.8852,0.9990112442385886,998.0,2520.0,1048.0,6427.0,4.393466666666667,3.5988974358974364,5.8,1536247.0
123,3525102,JARDINOPOLIS,SP,não,334.303,42913,503.355,não,-21.0176,-47.7606,0.9990112442385886,1105.0,2024.0,797.0,3671.0,4.393466666666667,3.5988974358974364,,
124,3554508,TIETE,SP,não,146.089,41026,392.509,não,-23.1101,-47.7164,0.9990112442385886,1294.0,2550.0,1003.0,4654.0,4.393466666666667,3.5988974358974364,,1640139.0
125,3518602,GUARIBA,SP,não,338.866,39216,270.454,não,-21.3594,-48.2316,0.9990112442385886,864.0,1483.0,619.0,3115.0,4.393466666666667,3.5988974358974364,5.1,
126,3539509,PITANGUEIRAS,SP,não,370.223,38890,429.577,não,-21.0132,-48.221000000000004,0.9990112442385886,996.0,1504.0,471.0,3830.0,4.393466666666667,3.5988974358974364,5.0,
127,3502507,APARECIDA,SP,não,179.966,36270,120.939,não,-22.8495,-45.2325,0.9990112442385886,830.0,1659.0,1238.0,4066.0,4.393466666666667,3.5988974358974364,5.6,
128,3521002,IPERO,SP,não,128.478,34940,170.94,não,-23.3513,-47.6927,0.9990112442385886,301.0,790.0,305.0,1930.0,4.393466666666667,3.5988974358974364,,
129,3550407,SAO PEDRO,SP,não,195.118,34900,618.204,não,-22.5483,-47.9096,0.9990112442385886,695.0,2077.0,853.0,3913.0,4.393466666666667,3.5988974358974364,,
130,3513108,CRAVINHOS,SP,não,293.702,34651,311.341,não,-21.338,-47.7324,0.9990112442385886,974.0,1950.0,823.0,3261.0,4.393466666666667,3.5988974358974364,,
131,3544004,RIO DAS PEDRAS,SP,não,169.375,33944,226.939,não,-22.8417,-47.6047,0.9990112442385886,689.0,1585.0,629.0,2944.0,4.393466666666667,3.5988974358974364,,1046942.0
132,3520400,ILHABELA,SP,não,203.004,33369,348.3,não,-23.7785,-45.3552,0.9990112442385886,385.0,1691.0,943.0,6574.0,4.393466666666667,3.5988974358974364,,6772117.0
133,3550209,SAO MIGUEL ARCANJO,SP,não,184.761,32903,930.012,não,-23.8782,-47.9935,0.9990112442385886,776.0,1643.0,522.0,3316.0,4.393466666666667,3.5988974358974364,,
134,3508603,CACHOEIRA PAULISTA,SP,não,212.928,32771,287.837,não,-22.6665,-45.0154,0.9990112442385886,414.0,1095.0,527.0,2780.0,4.393466666666667,3.5988974358974364,,
135,3502903,ARACOIABA DA SERRA,SP,não,124.252,32512,255.55,não,-23.5029,-47.6166,0.9990112442385886,585.0,1708.0,668.0,4289.0,4.393466666666667,3.5988974358974364,,
136,3531902,MORRO AGUDO,SP,não,382.156,32221,1386.176,não,-20.7288,-48.0581,0.9990112442385886,788.0,1634.0,448.0,2731.0,4.393466666666667,3.5988974358974364,,
137,3505609,BARRINHA,SP,não,342.114,31924,146.567,não,-21.1864,-48.1636,0.9990112442385886,495.0,926.0,538.0,2731.0,4.393466666666667,3.5988974358974364,,
138,3526209,JUQUITIBA,SP,não,77.473,31025,521.598,não,-23.9244,-47.0653,0.9990112442385886,733.0,1245.0,867.0,2558.0,4.393466666666667,3.5988974358974364,,
139,3518305,GUARAREMA,SP,não,80.082,28980,270.496,não,-23.4112,-46.0369,0.9990112442385886,542.0,1401.0,663.0,2899.0,4.393466666666667,3.5988974358974364,,1555846.0
140,3537909,PILAR DO SUL,SP,não,152.839,28717,682.395,não,-23.8077,-47.7222,0.9990112442385886,1158.0,2158.0,533.0,4417.0,4.393466666666667,3.5988974358974364,,
141,3525201,JARINU,SP,não,75.498,28554,207.671,não,-23.1039,-46.728,0.9990112442385886,667.0,1725.0,669.0,3732.0,4.393466666666667,3.5988974358974364,8.3,1556427.0
142,3526407,LARANJAL PAULISTA,SP,não,161.159,27891,386.763,não,-23.0506,-47.8375,0.9990112442385886,801.0,1629.0,643.0,2507.0,4.393466666666667,3.5988974358974364,,
143,3547502,SANTA RITA DO PASSA QUATRO,SP,não,257.208,27583,752.993,não,-21.7083,-47.478,0.9990112442385886,584.0,1514.0,758.0,2919.0,4.393466666666667,3.5988974358974364,,
144,3512209,CONCHAL,SP,não,178.311,27553,183.826,não,-22.3375,-47.1729,0.9990112442385886,838.0,1661.0,650.0,3438.0,4.393466666666667,3.5988974358974364,,
145,3547601,SANTA ROSA DE VITERBO,SP,não,293.751,26067,289.669,não,-21.4776,-47.3622,0.9990112442385886,474.0,1177.0,460.0,2249.0,4.393466666666667,3.5988974358974364,,
146,3509403,CAJURU,SP,não,303.399,25655,660.687,não,-21.2749,-47.303000000000004,0.9990112442385886,540.0,1660.0,476.0,1654.0,4.393466666666667,3.5988974358974364,,
147,3546702,SANTA GERTRUDES,SP,não,170.213,25649,97.694,não,-22.4572,-47.5272,0.9990112442385886,612.0,1061.0,436.0,3555.0,4.393466666666667,3.5988974358974364,,1556584.0
148,3507803,BRODOWSKI,SP,não,348.185,24098,279.804,não,-20.9845,-47.6572,0.9990112442385886,644.0,1811.0,634.0,1852.0,4.393466666666667,3.5988974358974364,,
149,3512407,CORDEIROPOLIS,SP,não,161.911,23797,137.337,não,-22.4778,-47.4519,0.9990112442385886,776.0,1320.0,546.0,2667.0,4.393466666666667,3.5988974358974364,6.6,1678843.0
150,3521408,IRACEMAPOLIS,SP,não,162.097,23271,115.947,não,-22.5832,-47.523,0.9990112442385886,576.0,1306.0,451.0,2311.0,4.393466666666667,3.5988974358974364,,
151,3553302,TAMBAU,SP,não,263.082,23262,561.566,não,-21.7029,-47.2703,0.9990112442385886,594.0,1174.0,491.0,2414.0,4.393466666666667,3.5988974358974364,,
152,3548005,SANTO ANTONIO DE POSSE,SP,não,143.963,22801,154.113,não,-22.6029,-46.9192,0.9990112442385886,919.0,1304.0,590.0,2896.0,4.393466666666667,3.5988974358974364,,
153,3513603,CUNHA,SP,não,233.031,21923,1407.172,não,-23.0731,-44.9576,0.9990112442385886,355.0,985.0,376.0,4055.0,4.393466666666667,3.5988974358974364,,
154,3304557,RIO DE JANEIRO,RJ,sim,444,6519400,1182.296,sim,-22.9129,-43.2003,1.4650367770622306,42927.0,128688.0,153437.0,303570.0,4.9215,3.7167499999999998,925.0,299849795.0
155,3304904,SAO GONCALO,RJ,não,461.939,1049793,249.142,não,-22.8268,-43.0634,1.4650367770622306,5358.0,13529.0,10423.0,47442.0,5.071714285714286,3.6597500000000003,93.3,15495269.0
156,3301702,DUQUE DE CAXIAS,RJ,não,426.283,890890,464.573,não,-22.7858,-43.3049,1.4650367770622306,9678.0,15430.0,10783.0,36946.0,4.9945,3.5145,85.1,28675676.0
157,3303500,NOVA IGUACU,RJ,não,405.054,787296,523.888,não,-22.7556,-43.4603,1.4650367770622306,6707.0,12475.0,10232.0,37073.0,5.071714285714286,3.6597500000000003,95.3,15142049.0
158,3300456,BELFORD ROXO,RJ,não,412.345,507373,79.791,não,-22.764,-43.3992,1.4650367770622306,2086.0,4878.0,4496.0,18962.0,5.071714285714286,3.6597500000000003,64.7,6234366.0
159,3303302,NITEROI,RJ,não,452.263,498941,129.375,não,-22.8832,-43.1034,1.4650367770622306,2810.0,12132.0,13975.0,32763.0,5.071714285714286,3.6597500000000003,14.5,24522575.0
160,3301009,CAMPOS DOS GOYTACAZES,RJ,não,709.348,490294,4031.91,não,-21.7622,-41.3181,1.4650367770622306,6876.0,12118.0,5951.0,37532.0,5.199,3.639,222.0,58011293.0
161,3305109,SAO JOAO DE MERITI,RJ,não,417.192,460336,34.838,não,-22.8058,-43.3729,1.4650367770622306,3711.0,6734.0,6204.0,18584.0,5.071714285714286,3.6597500000000003,35.3,7246169.0
162,3303906,PETROPOLIS,RJ,não,460.302,298095,774.606,não,-22.52,-43.1926,1.4650367770622306,3594.0,9328.0,7688.0,24360.0,5.071714285714286,3.6597500000000003,21.3,11366103.0
163,3306305,VOLTA REDONDA,RJ,não,340.873,264280,182.317,não,-22.5202,-44.0996,1.4650367770622306,2310.0,7485.0,5431.0,16189.0,5.071714285714286,3.6597500000000003,27.1,10536093.0
164,3302403,MACAE,RJ,não,610.958,244350,1215.904,não,-22.3768,-41.7848,1.4650367770622306,3115.0,7497.0,4206.0,20956.0,5.09,3.65,12.8,21051064.0
165,3302502,MAGE,RJ,não,454.301,237776,385.696,não,-22.6632,-43.0315,1.4650367770622306,2006.0,3932.0,2753.0,13328.0,5.071714285714286,3.6597500000000003,21.8,3291378.0
166,3301900,ITABORAI,RJ,não,483.032,232518,424.219,não,-22.7565,-42.8639,1.4650367770622306,3225.0,5036.0,3469.0,12921.0,4.999,3.759,33.6,5049300.0
167,3300704,CABO FRIO,RJ,não,593.462,216141,400.693,sim,-22.8894,-42.0286,1.4650367770622306,3114.0,6742.0,4705.0,17440.0,5.071714285714286,3.6597500000000003,14.2,17268253.0
168,3300100,ANGRA DOS REIS,RJ,não,405.803,194736,800.43,não,-23.0011,-44.3196,1.4650367770622306,1268.0,3951.0,2034.0,11606.0,5.071714285714286,3.6597500000000003,19.9,8116489.0
169,3303401,NOVA FRIBURGO,RJ,não,547.151,185370,932.635,não,-22.2932,-42.5377,1.4650367770622306,3752.0,7594.0,4724.0,20604.0,5.071714285714286,3.6597500000000003,13.0,4078881.0
170,3300407,BARRA MANSA,RJ,não,312.291,180290,547.441,não,-22.5481,-44.1752,1.4650367770622306,1986.0,4585.0,2386.0,7793.0,5.071714285714286,3.6597500000000003,16.4,5400831.0
171,3305802,TERESOPOLIS,RJ,não,488.366,176081,770.507,não,-22.4165,-42.9752,1.4650367770622306,2517.0,6081.0,3425.0,18238.0,5.071714285714286,3.6597500000000003,11.3,4867922.0
172,3302858,MESQUITA,RJ,não,411.197,171244,34.767,não,-22.8028,-43.4601,1.4650367770622306,845.0,2043.0,1818.0,7129.0,5.071714285714286,3.6597500000000003,,2016308.0
173,3303203,NILOPOLIS,RJ,não,414.009,158287,19.157,não,-22.8057,-43.4233,1.4650367770622306,664.0,2130.0,2068.0,8184.0,5.071714285714286,3.6597500000000003,11.5,2367094.0
174,3302700,MARICA,RJ,não,490.746,153238,362.477,não,-22.9354,-42.8246,1.4650367770622306,1277.0,3741.0,2409.0,10626.0,5.071714285714286,3.6597500000000003,,9752910.0
175,3304144,QUEIMADOS,RJ,não,398.085,145385,76.921,não,-22.7102,-43.5518,1.4650367770622306,689.0,1779.0,1240.0,7790.0,4.899,3.489,16.4,3946300.0
176,3304524,RIO DAS OSTRAS,RJ,não,603.048,141403,230.621,não,-22.5174,-41.9475,1.4650367770622306,1172.0,3235.0,2077.0,9092.0,5.071714285714286,3.6597500000000003,5.7,14326822.0
177,3300209,ARARUAMA,RJ,não,550.879,127017,633.795,não,-22.8697,-42.3326,1.4650367770622306,1908.0,3605.0,2156.0,10949.0,5.071714285714286,3.6597500000000003,10.7,2053626.0
178,3304201,RESENDE,RJ,não,282.038,126927,1113.507,não,-22.4705,-44.4509,1.4650367770622306,1539.0,4551.0,2677.0,8313.0,5.071714285714286,3.6597500000000003,13.2,7756066.0
179,3302007,ITAGUAI,RJ,não,408.212,122559,271.563,não,-22.8636,-43.7798,1.4650367770622306,1716.0,2734.0,2589.0,5620.0,5.071714285714286,3.6597500000000003,11.1,7977203.0
180,3302270,JAPERI,RJ,não,389.527,101239,82.832,não,-22.6435,-43.6602,1.4650367770622306,535.0,787.0,693.0,3764.0,5.071714285714286,3.6597500000000003,11.7,1129014.0
181,3305554,SEROPEDICA,RJ,não,380.213,84427,283.794,não,-22.7526,-43.7155,1.4650367770622306,1481.0,1684.0,1017.0,3548.0,5.071714285714286,3.6597500000000003,7.9,1894661.0
182,3304300,RIO BONITO,RJ,não,511.581,58298,462.176,não,-22.7181,-42.6276,1.4650367770622306,3343.0,3722.0,2923.0,6382.0,5.071714285714286,3.6597500000000003,5.4,1488505.0
183,3301850,GUAPIMIRIM,RJ,não,467.575,57686,360.813,não,-22.5347,-42.9895,1.4650367770622306,470.0,1027.0,574.0,3513.0,5.071714285714286,3.6597500000000003,,
184,3300803,CACHOEIRAS DE MACACU,RJ,não,509.139,56903,955.806,não,-22.4658,-42.6523,1.4650367770622306,984.0,1657.0,888.0,5026.0,5.071714285714286,3.6597500000000003,6.5,
185,3303609,PARACAMBI,RJ,não,385.212,50614,179.374,não,-22.6078,-43.7108,1.4650367770622306,736.0,1043.0,791.0,2409.0,5.071714285714286,3.6597500000000003,6.0,
186,3305752,TANGUA,RJ,não,499.364,32974,146.623,não,-22.7423,-42.7202,1.4650367770622306,379.0,603.0,249.0,1710.0,5.071714285714286,3.6597500000000003,,
187,5300108,BRASILIA,DF,sim,1003,3039444,5801.937,sim,-15.7795,-47.9297,2.799650937958068,23913.0,124988.0,86367.0,188676.0,4.455333333333333,4.249333333333333,889.0,197432059.0
188,2927408,SALVADOR,BA,sim,1973,2953716,706.799,sim,-12.9718,-38.5011,1.7805212922961335,17731.0,64879.0,46422.0,132539.0,4.999499999999999,3.9995000000000003,260.0,56624041.0
189,2910800,FEIRA DE SANTANA,BA,não,1857.000341,627478,1362.88,sim,-12.2664,-38.9663,1.7805212922961335,9108.0,20685.0,7362.0,76384.0,4.999499999999999,3.9995000000000003,77.9,11733553.0
190,2933307,VITORIA DA CONQUISTA,BA,não,1456.000622,348757,3204.257,não,-14.8615,-40.8442,1.7805212922961335,4885.0,13407.0,3888.0,38766.0,4.999499999999999,3.9995000000000003,24.0,5389877.0
191,2905701,CAMACARI,BA,não,1955.000152,297173,759.802,não,-12.6996,-38.3263,1.7805212922961335,2467.0,6108.0,3420.0,21906.0,4.999499999999999,3.9995000000000003,207.0,17562845.0
192,2918407,JUAZEIRO,BA,não,2173.000236,222088,6389.623,não,-9.41622,-40.5033,1.7805212922961335,2874.0,9560.0,1932.0,39655.0,4.999499999999999,3.9995000000000003,7.5,3013288.0
193,2914802,ITABUNA,BA,não,1660.000196,220984,443.198,não,-14.7876,-39.2781,1.7805212922961335,2018.0,6271.0,2057.0,21567.0,4.999499999999999,3.9995000000000003,9.0,3667701.0
194,2919207,LAURO DE FREITAS,BA,não,1973.000963,197801,59.905,não,-12.8978,-38.321,1.7805212922961335,2498.0,7365.0,4352.0,12314.0,4.999499999999999,3.9995000000000003,9.2,5915319.0
195,2913606,ILHEUS,BA,não,1691.000635,176141,1840.991,sim,-14.793,-39.046,1.7805212922961335,855.0,3752.0,1492.0,11455.0,4.999499999999999,3.9995000000000003,6.6,3513498.0
196,2918001,JEQUIE,BA,não,1610.000549,162152,3035.423,não,-13.8509,-40.0877,1.7805212922961335,1922.0,4764.0,1436.0,25814.0,4.999499999999999,3.9995000000000003,,2059586.0
197,2931350,TEIXEIRA DE FREITAS,BA,não,1324.000182,161767,1153.791,não,-17.5399,-39.74,1.7805212922961335,1683.0,5718.0,883.0,21561.0,4.999499999999999,3.9995000000000003,,1941525.0
198,2903201,BARREIRAS,BA,não,1616.000506,157058,7895.241,não,-12.1439,-44.9968,1.7805212922961335,2480.0,8437.0,1941.0,24474.0,4.999499999999999,3.9995000000000003,25.3,3340432.0
199,2900702,ALAGOINHAS,BA,não,1936.000886,156156,733.969,não,-12.1335,-38.4208,1.7805212922961335,1378.0,3847.0,1441.0,15739.0,4.999499999999999,3.9995000000000003,,2757430.0
200,2925303,PORTO SEGURO,BA,não,1585.000322,149410,2408.594,sim,-16.4435,-39.0643,1.7805212922961335,829.0,3938.0,1539.0,17664.0,4.999499999999999,3.9995000000000003,,2080379.0
201,2930709,SIMOES FILHO,BA,não,1946.00087,136094,192.163,não,-12.7866,-38.4029,1.7805212922961335,2551.0,2632.0,1398.0,7351.0,4.999499999999999,3.9995000000000003,,4403676.0
202,2924009,PAULO AFONSO,BA,não,2241.000773,120590,1573.627,não,-9.3983,-38.2216,1.7805212922961335,865.0,4149.0,792.0,17765.0,4.999499999999999,3.9995000000000003,,1589342.0
203,2910727,EUNAPOLIS,BA,não,1522.000218,115312,1196.695,não,-16.3715,-39.5821,1.7805212922961335,1462.0,4033.0,820.0,16463.0,4.999499999999999,3.9995000000000003,,2072472.0
204,2906501,CANDEIAS,BA,não,1939.000225,89694,264.487,não,-12.6716,-38.5472,1.7805212922961335,879.0,1413.0,689.0,5075.0,4.999499999999999,3.9995000000000003,,3084403.0
205,2910057,DIAS D'AVILA,BA,não,sem info,80727,207.504,não,-12.6187,-38.2926,1.7805212922961335,715.0,1311.0,653.0,4545.0,4.999499999999999,3.9995000000000003,,3122830.0
206,2907202,CASA NOVA,BA,não,2240.000638,73393,9657.505,não,-9.16408,-40.974,1.7805212922961335,394.0,1607.0,146.0,6784.0,4.999499999999999,3.9995000000000003,,
207,2921005,MATA DE SAO JOAO,BA,não,1968.000212,46955,670.38,não,-12.5307,-38.3009,1.7805212922961335,301.0,692.0,270.0,3536.0,4.999499999999999,3.9995000000000003,,1024685.0
208,2929503,SAO SEBASTIAO DO PASSE,BA,não,"1,936,777",45816,549.425,não,-12.5123,-38.4905,1.7805212922961335,243.0,701.0,255.0,2516.0,4.999499999999999,3.9995000000000003,,
209,2933208,VERA CRUZ,BA,não,1877.000442,43658,252.759,não,-12.9568,-38.6153,1.7805212922961335,211.0,420.0,331.0,1850.0,4.999499999999999,3.9995000000000003,,
210,2929206,SAO FRANCISCO DO CONDE,BA,não,1930.000284,40236,266.631,não,-12.6183,-38.6786,1.7805212922961335,165.0,351.0,166.0,2342.0,4.999499999999999,3.9995000000000003,,2845521.0
211,2925204,POJUCA,BA,não,"1,979,777",38429,318.205,não,-12.4303,-38.3374,1.7805212922961335,407.0,653.0,242.0,2744.0,4.999499999999999,3.9995000000000003,,1157686.0
212,2929305,SAO GONCALO DOS CAMPOS,BA,não,1875.000013,37695,293.989,não,-12.4331,-38.9663,1.7805212922961335,283.0,343.0,214.0,2537.0,4.999499999999999,3.9995000000000003,,
213,2909901,CURACA,BA,não,sem info,35415,6442.19,não,-8.984580000000001,-39.8997,1.7805212922961335,108.0,401.0,45.0,1982.0,4.999499999999999,3.9995000000000003,,
214,2926301,RIACHAO DO JACUIPE,BA,não,1904.000336,34023,1199.201,não,-11.8067,-39.3818,1.7805212922961335,389.0,670.0,176.0,4174.0,4.999499999999999,3.9995000000000003,,
215,2908507,CONCEICAO DO JACUIPE,BA,não,1884.000963,33879,115.68,não,-12.3268,-38.7684,1.7805212922961335,402.0,716.0,274.0,4116.0,4.999499999999999,3.9995000000000003,,1636050.0
216,2914505,IRARA,BA,não,1906.000656,29483,239.659,não,-12.0504,-38.7631,1.7805212922961335,175.0,406.0,114.0,2931.0,4.999499999999999,3.9995000000000003,,
217,2901106,AMELIA RODRIGUES,BA,não,1892.000121,26394,124.075,não,-12.3914,-38.7563,1.7805212922961335,254.0,311.0,253.0,1720.0,4.999499999999999,3.9995000000000003,,
218,2908903,CORACAO DE MARIA,BA,não,1897.000093,24792,372.315,não,-12.2333,-38.7487,1.7805212922961335,131.0,418.0,100.0,2497.0,4.999499999999999,3.9995000000000003,,
219,2930774,SOBRADINHO,BA,não,2219.000819,23705,1322.661,não,-9.450239999999999,-40.8145,1.7805212922961335,109.0,484.0,78.0,2302.0,4.999499999999999,3.9995000000000003,,
220,2908200,CONCEICAO DA FEIRA,BA,não,1871.000499,23014,159.776,não,-12.5078,-38.9978,1.7805212922961335,262.0,272.0,97.0,2110.0,4.999499999999999,3.9995000000000003,,
221,2916104,ITAPARICA,BA,não,1893.000074,22862,115.922,não,-12.8932,-38.68,1.7805212922961335,55.0,122.0,178.0,851.0,4.999499999999999,3.9995000000000003,,
222,2304400,FORTALEZA,CE,sim,2928.000994,2627745,313.14,sim,-3.71664,-38.5423,0.617928164885035,22254.0,69380.0,38325.0,296421.0,4.7875,3.9699999999999998,285.0,56728828.0
223,2303709,CAUCAIA,CE,não,3116.000403,362360,1227.895,não,-3.7279699999999996,-38.6619,0.617928164885035,2167.0,4769.0,2077.0,36387.0,4.7875,3.9699999999999998,9.9,5513528.0
224,2307304,JUAZEIRO DO NORTE,CE,não,2470.000242,270428,248.558,sim,-7.196210000000001,-39.3076,0.617928164885035,2102.0,7964.0,1535.0,55295.0,4.7875,3.9699999999999998,12.7,3779837.0
225,2307650,MARACANAU,CE,não,2930.000679,224831,105.696,não,-3.86699,-38.6259,0.617928164885035,2314.0,3745.0,1460.0,26487.0,4.7875,3.9699999999999998,13.8,6742786.0
226,2312908,SOBRAL,CE,não,3037.000157,205577,2122.989,não,-3.6891300000000005,-40.3482,0.617928164885035,1789.0,4210.0,957.0,45229.0,4.7875,3.9699999999999998,7.6,3793940.0
227,2304202,CRATO,CE,não,2480.000747,130620,1009.202,não,-7.2153,-39.4103,0.617928164885035,1188.0,3508.0,656.0,23458.0,4.7875,3.9699999999999998,,1478136.0
228,2306405,ITAPIPOCA,CE,não,3133.000961,127501,1614.682,não,-3.4993300000000005,-39.5836,0.617928164885035,1029.0,2248.0,306.0,22081.0,4.7875,3.9699999999999998,,1189218.0
229,2307700,MARANGUAPE,CE,não,2930.000601,126534,590.824,não,-3.89143,-38.6829,0.617928164885035,740.0,1446.0,524.0,11674.0,4.7875,3.9699999999999998,,1059651.0
230,2309706,PACATUBA,CE,não,2920.00068,82875,132.427,não,-3.9784,-38.6183,0.617928164885035,295.0,650.0,296.0,7019.0,4.7875,3.9699999999999998,,
231,2301000,AQUIRAZ,CE,não,2917.000331,79147,480.976,não,-3.89929,-38.3896,0.617928164885035,853.0,1290.0,458.0,8727.0,4.7875,3.9699999999999998,,1601415.0
232,2303501,CASCAVEL,CE,não,2885.000378,71088,837.967,não,-4.12967,-38.2412,0.617928164885035,568.0,1151.0,331.0,7776.0,4.705,3.9699999999999998,,
233,2309607,PACAJUS,CE,não,2875.000246,70954,254.435,não,-4.171069999999999,-38.465,0.617928164885035,756.0,1225.0,456.0,8484.0,4.7875,3.9699999999999998,,
234,2305233,HORIZONTE,CE,não,2885.00066,65992,159.972,não,-4.1209,-38.4707,0.617928164885035,565.0,1046.0,426.0,9321.0,4.7875,3.9699999999999998,,1397774.0
235,2301901,BARBALHA,CE,não,2462.000496,59821,479.184,não,-7.2982,-39.3021,0.617928164885035,429.0,1496.0,288.0,9921.0,4.7875,3.9699999999999998,,
236,2313500,TRAIRI,CE,não,"3,192,479",55212,924.555,não,-3.26932,-39.2681,0.617928164885035,280.0,823.0,124.0,6260.0,4.7875,3.9699999999999998,,
237,2304285,EUSEBIO,CE,não,2918.000684,52698,76.583,não,-3.8925,-38.4559,0.617928164885035,1787.0,2188.0,915.0,6167.0,4.7875,3.9699999999999998,,2486552.0
238,2312403,SAO GONCALO DO AMARANTE,CE,não,3153.000012,48279,834.394,não,-3.60515,-38.9726,0.617928164885035,463.0,797.0,238.0,6247.0,4.7875,3.9699999999999998,,1515257.0
239,2306256,ITAITINGA,CE,não,2903.000003,39321,150.788,não,-3.9657699999999996,-38.5298,0.617928164885035,473.0,566.0,191.0,5503.0,4.7875,3.9699999999999998,,
240,2308005,MASSAPE,CE,não,"3,055,699",38218,571.531,não,-3.5236400000000003,-40.3423,0.617928164885035,123.0,323.0,47.0,5994.0,4.7875,3.9699999999999998,,
241,2308401,MISSAO VELHA,CE,não,2463.000762,35404,651.108,não,-7.23522,-39.143,0.617928164885035,287.0,1130.0,86.0,6122.0,4.7875,3.9699999999999998,,
242,2310209,PARACURU,CE,não,3187.000258,33898,303.253,não,-3.41436,-39.03,0.617928164885035,238.0,562.0,163.0,4034.0,4.7875,3.9699999999999998,,
243,2310258,PARAIPABA,CE,não,3191.000641,32520,301.123,não,-3.43799,-39.1479,0.617928164885035,317.0,446.0,86.0,4684.0,4.7875,3.9699999999999998,,
244,2312007,SANTANA DO ACARAU,CE,não,3074.00014,32026,969.323,não,-3.46144,-40.2118,0.617928164885035,178.0,342.0,51.0,4273.0,4.7875,3.9699999999999998,,
245,2307106,JARDIM,CE,não,2421.000365,27069,457.034,não,-7.575989999999999,-39.2826,0.617928164885035,190.0,819.0,85.0,4873.0,4.7875,3.9699999999999998,,
246,2303204,CARIRIACU,CE,não,2497.000717,26888,623.823,não,-7.02808,-39.2828,0.617928164885035,107.0,673.0,40.0,4924.0,4.7875,3.9699999999999998,,
247,2304954,GUAIUBA,CE,não,2913.000094,26337,267.203,não,-4.04057,-38.6404,0.617928164885035,107.0,195.0,79.0,2285.0,4.7875,3.9699999999999998,,
248,2304350,FORQUILHA,CE,não,3052.000024,24055,516.988,não,-3.79945,-40.2634,0.617928164885035,159.0,229.0,40.0,4215.0,4.7875,3.9699999999999998,,
249,2304004,COREAU,CE,não,3000.000392,23106,775.746,não,-3.5415,-40.6587,0.617928164885035,116.0,262.0,45.0,3149.0,4.7875,3.9699999999999998,,
250,3106200,BELO HORIZONTE,MG,sim,591.212,2523469,330.954,sim,-19.9102,-43.9266,0.4663301331158427,35248.0,172369.0,105139.0,226069.0,4.988071428571429,3.8430000000000004,314.0,87656760.0
251,3170206,UBERLANDIA,MG,não,567,676815,4115.822,sim,-18.9141,-48.2749,0.4663301331158427,11668.0,34020.0,13492.0,96967.0,4.988071428571429,3.8430000000000004,135.3,28342162.0
252,3118601,CONTAGEM,MG,não,570.594,658632,194.586,não,-19.9321,-44.0539,0.4663301331158427,14683.0,27094.0,12062.0,50531.0,4.677,3.499,99.9,26275134.0
253,3136702,JUIZ DE FORA,MG,não,514.214,563816,1436.85,sim,-21.7595,-43.3398,0.4663301331158427,6381.0,16506.0,11014.0,35614.0,4.988071428571429,3.8430000000000004,67.7,13279245.0
254,3106705,BETIM,MG,não,555.073,427306,345.913,não,-19.9668,-44.2008,0.4663301331158427,6039.0,13776.0,5169.0,29600.0,4.988071428571429,3.8430000000000004,80.3,22024036.0
255,3143302,MONTES CLAROS,MG,não,985.573,402118,3582.034,não,-16.7282,-43.8578,0.4663301331158427,4778.0,15931.0,5031.0,75437.0,4.988071428571429,3.8430000000000004,38.7,7844307.0
256,3154606,RIBEIRAO DAS NEVES,MG,não,593.014,328944,154.18,não,-19.7621,-44.0844,0.4663301331158427,2855.0,6103.0,3722.0,24412.0,4.988071428571429,3.8430000000000004,47.3,3293815.0
257,3170107,UBERABA,MG,não,485.105,328343,4512.135,não,-19.7472,-47.9381,0.4663301331158427,5293.0,15993.0,6944.0,46788.0,4.988071428571429,3.8430000000000004,53.4,11605821.0
258,3127701,GOVERNADOR VALADARES,MG,não,929.016,280870,2348.1,não,-18.8545,-41.9555,0.4663301331158427,3462.0,8930.0,2864.0,43948.0,4.988071428571429,3.8430000000000004,24.3,5072185.0
259,3131307,IPATINGA,MG,não,842.153,261223,165.509,não,-19.4703,-42.5476,0.4663301331158427,3348.0,9378.0,4148.0,36298.0,4.988071428571429,3.8430000000000004,22.9,9195774.0
260,3167202,SETE LAGOAS,MG,não,636.013,236268,537.476,não,-19.4569,-44.2413,0.4663301331158427,3657.0,10994.0,3808.0,27244.0,4.988071428571429,3.8430000000000004,35.1,7974429.0
261,3122306,DIVINOPOLIS,MG,não,519.154,234975,708.909,não,-20.1446,-44.8912,0.4663301331158427,3387.0,10816.0,3969.0,29929.0,4.988071428571429,3.8430000000000004,,5335938.0
262,3157807,SANTA LUZIA,MG,não,600.486,218894,233.759,não,-19.7548,-43.8497,0.4663301331158427,2058.0,5143.0,2527.0,19721.0,4.988071428571429,3.8430000000000004,35.0,3245049.0
263,3129806,IBIRITE,MG,não,571.931,177524,73.027,não,-20.0252,-44.0569,0.4663301331158427,1531.0,3966.0,1703.0,13807.0,4.988071428571429,3.8430000000000004,29.8,1843089.0
264,3151800,POCOS DE CALDAS,MG,não,273.564,166096,544.42,não,-21.78,-46.5692,0.4663301331158427,2900.0,8505.0,4243.0,16042.0,4.988071428571429,3.8430000000000004,24.6,6492840.0
265,3148004,PATOS DE MINAS,MG,não,725.294,150903,3189.006,não,-18.5699,-46.5013,0.4663301331158427,3563.0,10802.0,1982.0,27616.0,4.988071428571429,3.8430000000000004,22.7,3518377.0
266,3152501,POUSO ALEGRE,MG,não,202.689,147190,543.883,não,-22.2266,-45.9389,0.4663301331158427,2926.0,7490.0,3018.0,14767.0,5.094,3.85,13.3,5930552.0
267,3168606,TEOFILO OTONI,MG,não,1061.000897,141908,3242.818,não,-17.8595,-41.5087,0.4663301331158427,1655.0,5312.0,1212.0,20710.0,4.988071428571429,3.8430000000000004,19.6,2161826.0
268,3105608,BARBACENA,MG,não,527.643,136690,788.001,não,-21.2214,-43.7703,0.4663301331158427,1908.0,4870.0,2760.0,12956.0,4.988071428571429,3.8430000000000004,14.5,2279405.0
269,3156700,SABARA,MG,não,599.812,135965,303.564,não,-19.884,-43.8263,0.4663301331158427,852.0,2772.0,1379.0,12263.0,4.988071428571429,3.8430000000000004,13.3,2132399.0
270,3170701,VARGINHA,MG,não,317.493,134374,395.647,não,-21.5556,-45.4364,0.4663301331158427,2270.0,6664.0,2357.0,16783.0,4.848,3.789,20.9,4581570.0
271,3118304,CONSELHEIRO LAFAIETE,MG,não,591.473,127380,369.544,não,-20.6634,-43.7846,0.4663301331158427,1562.0,4688.0,2066.0,16162.0,4.988071428571429,3.8430000000000004,13.5,1797875.0
272,3171204,VESPASIANO,MG,não,613.374,122450,70.108,não,-19.6883,-43.9239,0.4663301331158427,1343.0,3059.0,1452.0,9154.0,4.988071428571429,3.8430000000000004,10.6,2636756.0
273,3131703,ITABIRA,MG,não,706.941,119290,1256.496,não,-19.6239,-43.2312,0.4663301331158427,1850.0,5018.0,1616.0,12186.0,4.988071428571429,3.8430000000000004,12.4,5655772.0
274,3103504,ARAGUARI,MG,não,657.138,117435,2730.632,não,-18.6456,-48.1934,0.4663301331158427,2577.0,6384.0,1876.0,20049.0,4.988071428571429,3.8430000000000004,12.7,3423404.0
275,3147907,PASSOS,MG,não,390.285,114454,1339.199,não,-20.7193,-46.608999999999995,0.4663301331158427,2258.0,5820.0,1662.0,20426.0,4.988071428571429,3.8430000000000004,12.4,2104434.0
276,3169901,UBA,MG,não,587.482,113331,407.699,não,-21.1204,-42.9359,0.4663301331158427,2079.0,3709.0,1274.0,21201.0,4.988071428571429,3.8430000000000004,10.9,2504300.0
277,3119401,CORONEL FABRICIANO,MG,não,856.195,110313,221.049,não,-19.5179,-42.6276,0.4663301331158427,1253.0,2951.0,1164.0,12148.0,4.988071428571429,3.8430000000000004,13.2,1493887.0
278,3143906,MURIAE,MG,não,632.464,108533,843.327,não,-21.13,-42.3693,0.4663301331158427,1538.0,3280.0,970.0,16451.0,4.988071428571429,3.8430000000000004,10.0,1808872.0
279,3147105,PARA DE MINAS,MG,não,572.963,92753,550.991,não,-19.8534,-44.6114,0.4663301331158427,2430.0,5496.0,1317.0,17897.0,4.988071428571429,3.8430000000000004,9.9,2356785.0
280,3133808,ITAUNA,MG,não,550.466,92700,495.875,não,-20.0818,-44.5801,0.4663301331158427,1646.0,5101.0,1786.0,12237.0,4.988071428571429,3.8430000000000004,10.3,2510796.0
281,3144805,NOVA LIMA,MG,não,605.286,92219,428.449,não,-19.9758,-43.8509,0.4663301331158427,1847.0,3911.0,2484.0,8677.0,4.988071428571429,3.8430000000000004,9.3,9158234.0
282,3113404,CARATINGA,MG,não,796,91872,1250.874,não,-19.7868,-42.1292,0.4663301331158427,1444.0,3340.0,940.0,12171.0,4.988071428571429,3.8430000000000004,9.2,1322811.0
283,3168705,TIMOTEO,MG,não,845.535,88941,145.159,não,-19.5811,-42.6471,0.4663301331158427,934.0,2530.0,1110.0,11183.0,4.988071428571429,3.8430000000000004,10.3,2758422.0
284,3170404,UNAI,MG,não,962.333,83982,8463.579,não,-16.3592,-46.9022,0.4663301331158427,1780.0,5272.0,858.0,11537.0,4.988071428571429,3.8430000000000004,8.4,2221761.0
285,3124104,ESMERALDAS,MG,não,587.064,69045,909.592,não,-19.764,-44.3065,0.4663301331158427,566.0,1362.0,441.0,3380.0,4.988071428571429,3.8430000000000004,7.4,
286,3149309,PEDRO LEOPOLDO,MG,não,623.618,63841,291.038,não,-19.6308,-44.0383,0.4663301331158427,1292.0,2529.0,944.0,5579.0,4.988071428571429,3.8430000000000004,,1585874.0
287,3137601,LAGOA SANTA,MG,não,620.062,61799,231.994,não,-19.6397,-43.8932,0.4663301331158427,892.0,2614.0,1151.0,6183.0,4.988071428571429,3.8430000000000004,,1667406.0
288,3131901,ITABIRITO,MG,não,629.887,50829,543.007,não,-20.2501,-43.8038,0.4663301331158427,1025.0,2392.0,782.0,5742.0,4.988071428571429,3.8430000000000004,5.8,3743156.0
289,3110004,CAETE,MG,não,638.399,44379,541.094,não,-19.8826,-43.6704,0.4663301331158427,595.0,1521.0,528.0,4176.0,4.988071428571429,3.8430000000000004,5.3,
290,3130101,IGARAPE,MG,não,538.563,41159,109.93,não,-20.0707,-44.2994,0.4663301331158427,900.0,1595.0,524.0,3028.0,4.988071428571429,3.8430000000000004,,
291,3109006,BRUMADINHO,MG,não,544.897,38882,640.15,não,-20.151,-44.2007,0.4663301331158427,1004.0,1629.0,467.0,3723.0,4.988071428571429,3.8430000000000004,,2958776.0
292,3141108,MATOZINHOS,MG,não,630.472,37350,252.908,não,-19.5543,-44.0868,0.4663301331158427,461.0,1408.0,510.0,2708.0,4.988071428571429,3.8430000000000004,,
293,3158953,SANTANA DO PARAISO,MG,não,855.837,32860,275.529,não,-19.3661,-42.5446,0.4663301331158427,210.0,464.0,159.0,2190.0,4.988071428571429,3.8430000000000004,,
294,3105400,BARAO DE COCAIS,MG,não,673.107,31978,340.675,não,-19.9389,-43.4755,0.4663301331158427,522.0,1174.0,345.0,3492.0,4.988071428571429,3.8430000000000004,,
295,3165537,SARZEDO,MG,não,563.978,31067,61.892,não,-20.0367,-44.1446,0.4663301331158427,881.0,1178.0,417.0,1926.0,4.988071428571429,3.8430000000000004,10.7,
296,3157203,SANTA BARBARA,MG,não,683.829,30694,684.21,não,-19.9604,-43.4101,0.4663301331158427,441.0,1236.0,339.0,2333.0,4.988071428571429,3.8430000000000004,,
297,3140704,MATEUS LEME,MG,não,566.879,30682,302.589,não,-19.9794,-44.4318,0.4663301331158427,628.0,1296.0,512.0,2544.0,4.988071428571429,3.8430000000000004,,
298,3162922,SAO JOAQUIM DE BICAS,MG,não,548.931,30184,72.455,não,-20.048,-44.2749,0.4663301331158427,641.0,929.0,361.0,1714.0,4.988071428571429,3.8430000000000004,,
299,3106309,BELO ORIENTE,MG,não,875.418,26164,336.012,não,-19.2199,-42.4828,0.4663301331158427,252.0,672.0,134.0,2188.0,4.988071428571429,3.8430000000000004,,1160578.0
300,3136652,JUATUBA,MG,não,571.974,25890,96.789,não,-19.9448,-44.3451,0.4663301331158427,340.0,909.0,321.0,1589.0,4.988071428571429,3.8430000000000004,,1019896.0
301,3109303,BURITIS,MG,não,1113.000654,24689,5219.469,não,-15.6218,-46.4221,0.4663301331158427,340.0,830.0,160.0,2092.0,4.988071428571429,3.8430000000000004,,
302,1302603,MANAUS,AM,sim,3900.000715,2130330,11401.058,sim,-3.1186599999999998,-60.0212,0.0,16423.0,76983.0,25337.0,170376.0,4.530639655172413,3.6163407738095246,427.0,67572523.0
303,1303403,PARINTINS,AM,não,3556,113794,5952.333,não,-2.63741,-56.729,0.0,165.0,455.0,98.0,9134.0,4.530639655172413,3.6163407738095246,12.4,1023955.0
304,1301902,ITACOATIARA,AM,não,4179,99838,8891.993,não,-3.13861,-58.4449,0.0,392.0,971.0,168.0,10587.0,4.530639655172413,3.6163407738095246,10.2,1508254.0
305,1302504,MANACAPURU,AM,não,"4,000,590",96436,7329.234,não,-3.29066,-60.6216,0.0,392.0,1130.0,302.0,7881.0,4.530639655172413,3.6163407738095246,5.7,1307005.0
306,1301852,IRANDUBA,AM,não,3940.000546,47402,2215.033,não,-3.2747900000000003,-60.19,0.0,358.0,719.0,205.0,2639.0,4.530639655172413,3.6163407738095246,,
307,1300300,AUTAZES,AM,não,sem info,38460,7599.282,não,-3.58574,-59.1256,0.0,40.0,117.0,30.0,1084.0,4.530639655172413,3.6163407738095246,,
308,1301100,CAREIRO,AM,não,3778.000074,37391,6091.547,não,-3.7680300000000004,-60.369,0.0,80.0,229.0,121.0,944.0,4.530639655172413,3.6163407738095246,,
309,1303536,PRESIDENTE FIGUEIREDO,AM,não,4027.000306,34596,25422.235,não,-2.02981,-60.0234,0.0,338.0,881.0,207.0,2455.0,4.530639655172413,3.6163407738095246,,
310,1303569,RIO PRETO DA EVA,AM,não,3978.000975,32015,5813.197,não,-2.7045,-59.6858,0.0,170.0,581.0,102.0,2020.0,4.530639655172413,3.6163407738095246,,
311,1302553,MANAQUIRI,AM,não,3830.000599,30251,3975.759,não,-3.44078,-60.4612,0.0,13.0,63.0,10.0,359.0,4.530639655172413,3.6163407738095246,,
312,1301159,CAREIRO DA VARZEA,AM,não,sem info,29197,2631.128,não,-3.3139999999999996,-59.5557,0.0,30.0,37.0,39.0,101.0,4.530639655172413,3.6163407738095246,,
313,4106902,CURITIBA,PR,sim,410,1908330,434.967,sim,-25.4195,-49.2646,0.4800804175541046,38294.0,109539.0,77570.0,144835.0,4.199,3.499,412.0,78892229.0
314,4113700,LONDRINA,PR,não,537.382,558461,1650.809,sim,-23.304000000000002,-51.1691,0.4800804175541046,9481.0,30389.0,14572.0,70922.0,4.402125,3.4268571428571426,117.8,15820903.0
315,4115200,MARINGA,PR,não,650.077,408678,487.93,sim,-23.4205,-51.9333,0.4800804175541046,10165.0,28257.0,10692.0,48279.0,4.402125,3.4268571428571426,54.3,14233028.0
316,4119905,PONTA GROSSA,PR,não,515.098,344350,2067.545,sim,-25.0916,-50.1668,0.4800804175541046,6731.0,18615.0,7387.0,26259.0,4.402125,3.4268571428571426,35.7,11598200.0
317,4104808,CASCAVEL,PR,não,923.241,319641,2100.105,sim,-24.9573,-53.458999999999996,0.4800804175541046,8402.0,21057.0,8334.0,34020.0,4.402125,3.4268571428571426,55.8,9203923.0
318,4125506,SAO JOSE DOS PINHAIS,PR,não,417.299,307634,945.717,não,-25.5313,-49.2031,0.4800804175541046,8057.0,14434.0,6342.0,24802.0,4.39,3.57,34.7,23220247.0
319,4108304,FOZ DO IGUACU,PR,não,1060.0007,263989,617.701,sim,-25.5427,-54.5827,0.4800804175541046,3876.0,11527.0,6206.0,33414.0,4.402125,3.4268571428571426,61.2,8721301.0
320,4105805,COLOMBO,PR,não,408.413,237424,198.007,não,-25.2925,-49.2262,0.4800804175541046,4520.0,9464.0,3970.0,21464.0,4.402125,3.4268571428571426,36.7,4359160.0
321,4109401,GUARAPUAVA,PR,não,673.025,180353,3115.329,não,-25.3902,-51.4623,0.4800804175541046,5042.0,11444.0,3350.0,12387.0,4.52,3.39,30.9,4537686.0
322,4118204,PARANAGUA,PR,não,474.834,152973,826.652,não,-25.5161,-48.5225,0.4800804175541046,2069.0,3275.0,1870.0,17164.0,4.402125,3.4268571428571426,16.1,6306433.0
323,4101804,ARAUCARIA,PR,não,437.422,137490,469.166,não,-25.5859,-49.4047,0.4800804175541046,3074.0,6405.0,2654.0,10735.0,4.402125,3.4268571428571426,19.6,8558227.0
324,4127700,TOLEDO,PR,não,926.019,135564,1197.016,não,-24.7246,-53.7412,0.4800804175541046,3709.0,10030.0,3157.0,17499.0,4.402125,3.4268571428571426,14.9,4490370.0
325,4101408,APUCARANA,PR,não,606.008,132693,558.388,não,-23.55,-51.4635,0.4800804175541046,2685.0,6948.0,2459.0,15066.0,4.402125,3.4268571428571426,17.4,2919146.0
326,4119152,PINHAIS,PR,não,407.397,129450,61.007,não,-25.4429,-49.1927,0.4800804175541046,2342.0,5948.0,3295.0,12741.0,4.402125,3.4268571428571426,26.1,5157399.0
327,4104204,CAMPO LARGO,PR,não,458.547,127333,1249.422,não,-25.4525,-49.528999999999996,0.4800804175541046,2627.0,6681.0,2541.0,11910.0,4.402125,3.4268571428571426,13.4,3757564.0
328,4101507,ARAPONGAS,PR,não,588.205,118502,381.091,não,-23.4153,-51.4259,0.4800804175541046,3395.0,6360.0,2188.0,15476.0,4.402125,3.4268571428571426,14.2,4263876.0
329,4100400,ALMIRANTE TAMANDARE,PR,não,416.771,115376,195.145,não,-25.3188,-49.3037,0.4800804175541046,1706.0,3577.0,1558.0,9546.0,4.402125,3.4268571428571426,15.9,1269345.0
330,4128104,UMUARAMA,PR,não,812.895,110029,1232.799,não,-23.7656,-53.3201,0.4800804175541046,2955.0,7950.0,1878.0,15605.0,4.402125,3.4268571428571426,14.3,2703445.0
331,4119509,PIRAQUARA,PR,não,399.762,107785,227.56,não,-25.4422,-49.0624,0.4800804175541046,692.0,2272.0,1391.0,8315.0,4.402125,3.4268571428571426,6.3,1097829.0
332,4103701,CAMBE,PR,não,560.837,105344,494.692,não,-23.2766,-51.2798,0.4800804175541046,2164.0,5201.0,1667.0,12143.0,4.402125,3.4268571428571426,21.3,3303188.0
333,4107652,FAZENDA RIO GRANDE,PR,não,439.069,95260,116.676,não,-25.6624,-49.3073,0.4800804175541046,1481.0,3216.0,1434.0,6744.0,4.402125,3.4268571428571426,10.4,1689770.0
334,4126256,SARANDI,PR,não,643.439,92302,103.226,não,-23.4441,-51.876000000000005,0.4800804175541046,1225.0,3538.0,1143.0,14467.0,4.402125,3.4268571428571426,12.1,1195132.0
335,4122404,ROLANDIA,PR,não,575.677,64734,460.153,não,-23.3101,-51.3659,0.4800804175541046,1724.0,3117.0,1304.0,7235.0,4.402125,3.4268571428571426,8.0,2338127.0
336,4109807,IBIPORA,PR,não,519.878,53359,300.187,não,-23.2659,-51.0522,0.4800804175541046,1247.0,2724.0,856.0,6075.0,4.402125,3.4268571428571426,7.1,2245779.0
337,4114609,MARECHAL CANDIDO RONDON,PR,não,949.888,51797,748.003,não,-24.557,-54.0571,0.4800804175541046,1720.0,3895.0,1425.0,7501.0,4.402125,3.4268571428571426,5.9,1797664.0
338,4113205,LAPA,PR,não,485.496,48062,2045.893,não,-25.7671,-49.7168,0.4800804175541046,1381.0,2646.0,788.0,4574.0,4.402125,3.4268571428571426,,1311358.0
339,4104006,CAMPINA GRANDE DO SUL,PR,não,380.812,42547,539.861,não,-25.3044,-49.0551,0.4800804175541046,879.0,1795.0,700.0,2974.0,4.402125,3.4268571428571426,5.0,1037769.0
340,4117503,PAICANDU,PR,não,664.152,40161,170.837,não,-23.4555,-52.04600000000001,0.4800804175541046,654.0,1631.0,470.0,5526.0,4.402125,3.4268571428571426,5.6,
341,4114807,MARIALVA,PR,não,632.429,34957,475.467,não,-23.4843,-51.7928,0.4800804175541046,1062.0,2735.0,750.0,4150.0,4.402125,3.4268571428571426,,1071491.0
342,4114203,MANDAGUARI,PR,não,627.399,34554,335.816,não,-23.5446,-51.67100000000001,0.4800804175541046,920.0,2296.0,558.0,4449.0,4.402125,3.4268571428571426,5.4,1151596.0
343,4102000,ASSIS CHATEAUBRIAND,PR,não,880.203,34057,969.588,não,-24.4168,-53.5213,0.4800804175541046,1327.0,2938.0,495.0,4266.0,4.402125,3.4268571428571426,5.2,
344,4122305,RIO NEGRO,PR,não,518.808,33855,603.246,não,-26.095,-49.7982,0.4800804175541046,1225.0,2059.0,650.0,3911.0,4.402125,3.4268571428571426,,
345,4108809,GUAIRA,PR,não,922.014,32971,560.508,não,-24.085,-54.2573,0.4800804175541046,1161.0,2235.0,657.0,5173.0,4.402125,3.4268571428571426,,
346,4111506,IVAIPORA,PR,não,728.202,32713,432.47,não,-24.2485,-51.6754,0.4800804175541046,1059.0,2761.0,477.0,3971.0,4.402125,3.4268571428571426,5.0,
347,4122206,RIO BRANCO DO SUL,PR,não,431.864,32499,814.361,não,-25.1892,-49.3115,0.4800804175541046,773.0,1822.0,453.0,2762.0,4.402125,3.4268571428571426,,1225469.0
348,4117909,PALOTINA,PR,não,903.364,31366,651.228,não,-24.2868,-53.8404,0.4800804175541046,1422.0,3385.0,779.0,3263.0,4.402125,3.4268571428571426,,1601077.0
349,4104253,CAMPO MAGRO,PR,não,431.476,28250,275.466,não,-25.3687,-49.4501,0.4800804175541046,641.0,1235.0,413.0,2491.0,4.402125,3.4268571428571426,29.2,
350,4116901,NOVA ESPERANCA,PR,não,689.015,28080,401.587,não,-23.182,-52.2031,0.4800804175541046,853.0,1828.0,467.0,3345.0,4.402125,3.4268571428571426,,
351,4111258,ITAPERUCU,PR,não,433.951,27506,312.382,não,-25.2193,-49.3454,0.4800804175541046,677.0,1410.0,355.0,2082.0,4.402125,3.4268571428571426,,
352,4102109,ASTORGA,PR,não,616.504,26193,434.791,não,-23.2318,-51.6668,0.4800804175541046,768.0,1854.0,406.0,2736.0,4.402125,3.4268571428571426,,
353,4123501,SANTA HELENA,PR,não,1034.000809,25912,758.229,não,-24.8585,-54.336000000000006,0.4800804175541046,755.0,1779.0,460.0,3309.0,4.402125,3.4268571428571426,,
354,4114302,MANDIRITUBA,PR,não,451.983,25669,379.179,não,-25.776999999999997,-49.3282,0.4800804175541046,1199.0,1415.0,417.0,2220.0,4.402125,3.4268571428571426,,
355,4100509,ALTONIA,PR,não,892.306,21986,661.558,não,-23.8759,-53.8958,0.4800804175541046,527.0,1305.0,193.0,3300.0,4.402125,3.4268571428571426,,
356,4112108,JANDAIA DO SUL,PR,não,627.985,21338,187.6,não,-23.6011,-51.6448,0.4800804175541046,692.0,1806.0,418.0,2144.0,4.402125,3.4268571428571426,,
357,4106605,CRUZEIRO DO OESTE,PR,não,785.964,21199,779.222,não,-23.7799,-53.0774,0.4800804175541046,585.0,1067.0,268.0,2971.0,4.402125,3.4268571428571426,,
358,2611606,RECIFE,PE,sim,2655.00049,1633588,217.494,sim,-8.046660000000001,-34.8771,1.4123853153025916,19659.0,40456.0,35952.0,145585.0,4.349,3.799,121.6,50688395.0
359,2607901,JABOATAO DOS GUARARAPES,PE,não,2635.000335,695978,256.073,não,-8.11298,-35.015,1.4123853153025916,5583.0,9871.0,8348.0,54463.0,4.587666666666666,3.704333333333333,23.6,13217350.0
360,2609600,OLINDA,PE,não,2657.000836,390690,43.548,não,-8.01017,-34.8545,1.4123853153025916,3107.0,6563.0,5096.0,39125.0,4.587666666666666,3.704333333333333,29.0,5327121.0
361,2604106,CARUARU,PE,não,2531.000703,356249,920.61,não,-8.28455,-35.9699,1.4123853153025916,4931.0,9848.0,3898.0,56772.0,4.587666666666666,3.704333333333333,,6239417.0
362,2611101,PETROLINA,PE,não,2178.000419,343422,4558.537,sim,-9.38866,-40.5027,1.4123853153025916,4443.0,11135.0,2329.0,54752.0,4.587666666666666,3.704333333333333,24.4,5230472.0
363,2610707,PAULISTA,PE,não,2674.000884,328387,93.518,não,-7.934010000000001,-34.8684,1.4123853153025916,1690.0,3962.0,4609.0,25828.0,4.587666666666666,3.704333333333333,16.9,4083576.0
364,2602902,CABO DE SANTO AGOSTINHO,PE,não,2614.00017,204693,447.875,não,-8.28218,-35.0253,1.4123853153025916,1545.0,2448.0,1706.0,13597.0,4.587666666666666,3.704333333333333,7.6,8462097.0
365,2603454,CAMARAGIBE,PE,não,2659.000625,156369,55.083,não,-8.02351,-34.9782,1.4123853153025916,770.0,2377.0,1880.0,13454.0,4.587666666666666,3.704333333333333,7.3,1322942.0
366,2606002,GARANHUNS,PE,não,2432.000008,138639,472.462,não,-8.882430000000001,-36.4966,1.4123853153025916,1775.0,3803.0,968.0,16084.0,4.587666666666666,3.704333333333333,7.1,1897240.0
367,2616407,VITORIA DE SANTO ANTAO,PE,não,2616.000763,137576,371.796,não,-8.12819,-35.2976,1.4123853153025916,2394.0,3153.0,968.0,19712.0,4.587666666666666,3.704333333333333,5.7,2909228.0
368,2606804,IGARASSU,PE,não,2683.000019,115438,305.565,não,-7.828810000000001,-34.9013,1.4123853153025916,956.0,1448.0,1606.0,6727.0,4.587666666666666,3.704333333333333,,2327886.0
369,2613701,SAO LOURENCO DA MATA,PE,não,2660.00056,112108,264.346,não,-8.006839999999999,-35.0124,1.4123853153025916,444.0,1067.0,1230.0,7063.0,4.587666666666666,3.704333333333333,,
370,2600054,ABREU E LIMA,PE,não,2672.000458,99353,125.991,não,-7.90072,-34.8984,1.4123853153025916,583.0,1203.0,1457.0,9374.0,4.587666666666666,3.704333333333333,,1332105.0
371,2607208,IPOJUCA,PE,não,2626.000312,94593,527.317,não,-8.39303,-35.0609,1.4123853153025916,746.0,1054.0,929.0,5084.0,4.587666666666666,3.704333333333333,,7245824.0
372,2606200,GOIANA,PE,não,2715.000978,79242,501.17,não,-7.5606,-34.9959,1.4123853153025916,813.0,1308.0,825.0,10619.0,4.587666666666666,3.704333333333333,,2223372.0
373,2609402,MORENO,PE,não,2634.000237,62126,195.603,não,-8.10871,-35.0835,1.4123853153025916,745.0,947.0,552.0,5804.0,4.587666666666666,3.704333333333333,,
374,2612604,SANTA MARIA DA BOA VISTA,PE,não,2284.000796,41647,3001.168,não,-8.79766,-39.8241,1.4123853153025916,283.0,710.0,74.0,5537.0,4.587666666666666,3.704333333333333,,
375,2607752,ITAPISSUMA,PE,não,2694.000366,26344,74.249,não,-7.7679800000000006,-34.8971,1.4123853153025916,131.0,191.0,345.0,798.0,4.587666666666666,3.704333333333333,,1273981.0
376,2607604,ILHA DE ITAMARACA,PE,não,2700.000969,25806,65.411,não,-7.747660000000001,-34.8303,1.4123853153025916,88.0,281.0,333.0,1101.0,4.587666666666666,3.704333333333333,,
377,2608750,LAGOA GRANDE,PE,não,sem info,25299,1852.186,não,-8.99452,-40.2767,1.4123853153025916,174.0,392.0,34.0,2234.0,4.587666666666666,3.704333333333333,,
378,4314902,PORTO ALEGRE,RS,sim,1107,1484863,496.827,sim,-30.0318,-51.2065,1.3060317956583296,16200.0,45276.0,54011.0,94636.0,4.6690000000000005,3.4277,306.0,63990644.0
379,4305108,CAXIAS DO SUL,RS,não,983.048,483555,1643.913,sim,-29.1629,-51.1792,1.3060317956583296,9285.0,24586.0,14461.0,33358.0,4.6690000000000005,3.4277,65.5,22376338.0
380,4314407,PELOTAS,RS,não,1385.000784,344357,1608.768,não,-31.7649,-52.3371,1.3060317956583296,5854.0,12559.0,7183.0,45448.0,4.799,3.959,47.9,6657759.0
381,4304606,CANOAS,RS,não,1132.000748,343856,131.097,não,-29.9128,-51.1857,1.3060317956583296,4738.0,9453.0,8348.0,26957.0,4.769,3.4277,94.4,9995408.0
382,4316907,SANTA MARIA,RS,não,1266.000269,278455,1779.556,não,-29.6868,-53.8149,1.3060317956583296,3930.0,12897.0,6948.0,25912.0,4.6690000000000005,3.4277,44.1,6475629.0
383,4309209,GRAVATAI,RS,não,1123.000108,275176,463.758,não,-29.9413,-50.9869,1.3060317956583296,3724.0,8313.0,5845.0,21485.0,4.6690000000000005,3.4277,40.2,10863524.0
384,4323002,VIAMAO,RS,não,1133.000322,253715,1494.263,não,-30.0819,-51.0194,1.3060317956583296,2403.0,7154.0,5088.0,19288.0,4.699,3.529,19.5,3090790.0
385,4313409,NOVO HAMBURGO,RS,não,1136.000533,249479,223.606,não,-29.6875,-51.1328,1.3060317956583296,3332.0,8207.0,7463.0,25715.0,4.599,3.299,52.7,7805986.0
386,4318705,SAO LEOPOLDO,RS,não,1150.000714,230944,102.313,não,-29.7545,-51.1498,1.3060317956583296,2546.0,5205.0,4740.0,18296.0,4.6690000000000005,3.4277,45.4,6745959.0
387,4315602,RIO GRANDE,RS,não,1358.000814,209380,2813.907,não,-32.0349,-52.1071,1.3060317956583296,2492.0,6221.0,3816.0,28652.0,4.6690000000000005,3.4277,,
388,4300604,ALVORADA,RS,não,1126.000649,208181,70.811,não,-29.9914,-51.0809,1.3060317956583296,1739.0,3157.0,3063.0,15437.0,4.6690000000000005,3.4277,33.5,2187975.0
389,4314100,PASSO FUNDO,RS,não,992.264,198820,780.355,sim,-28.2576,-52.4091,1.3060317956583296,3852.0,10725.0,6069.0,17875.0,4.759,3.499,49.5,7382564.0
390,4320008,SAPUCAIA DO SUL,RS,não,1129.000294,139481,58.644,não,-29.8276,-51.145,1.3060317956583296,1830.0,3275.0,2668.0,12995.0,4.6690000000000005,3.4277,22.1,2923906.0
391,4322400,URUGUAIANA,RS,não,1545.000918,129760,5715.782,não,-29.7614,-57.0853,1.3060317956583296,2036.0,5235.0,1816.0,13477.0,4.6690000000000005,3.4277,19.2,2295349.0
392,4316808,SANTA CRUZ DO SUL,RS,não,1272.000296,127442,733.473,não,-29.721999999999998,-52.4343,1.3060317956583296,2306.0,5904.0,3851.0,15556.0,4.6690000000000005,3.4277,16.3,7984043.0
393,4303103,CACHOEIRINHA,RS,não,1119.000146,127333,43.766,não,-29.9472,-51.1016,1.3060317956583296,2398.0,4086.0,3088.0,10376.0,4.899,3.699,18.1,6167753.0
394,4301602,BAGE,RS,não,1501.000817,122197,4095.526,não,-31.3297,-54.0999,1.3060317956583296,1453.0,5773.0,2237.0,13925.0,4.6690000000000005,3.4277,16.9,2230936.0
395,4302105,BENTO GONCALVES,RS,não,1025.000739,115102,277.303,não,-29.1662,-51.5165,1.3060317956583296,3265.0,7013.0,3731.0,8908.0,4.6690000000000005,3.4277,11.6,5326218.0
396,4309308,GUAIBA,RS,não,1157.000638,99322,376.973,não,-30.1086,-51.3233,1.3060317956583296,1195.0,2896.0,1982.0,7568.0,4.6690000000000005,3.4277,15.9,5129396.0
397,4307708,ESTEIO,RS,não,1139.000461,84226,27.543,não,-29.851999999999997,-51.1841,1.3060317956583296,1081.0,2068.0,1742.0,5306.0,4.6690000000000005,3.4277,24.3,2930236.0
398,4319901,SAPIRANGA,RS,não,1129.000667,80317,137.519,não,-29.6349,-51.0064,1.3060317956583296,1003.0,2334.0,1765.0,9230.0,4.6690000000000005,3.4277,14.3,2535244.0
399,4307906,FARROUPILHA,RS,não,1000.000233,69559,361.788,não,-29.2227,-51.3419,1.3060317956583296,2397.0,3835.0,2359.0,4453.0,4.6690000000000005,3.4277,7.7,2724987.0
400,4303905,CAMPO BOM,RS,não,1137.000635,64923,61.406,não,-29.6747,-51.0606,1.3060317956583296,877.0,1989.0,1518.0,7052.0,4.6690000000000005,3.4277,17.0,2334484.0
401,4312401,MONTENEGRO,RS,não,1180.000648,63874,420.017,não,-29.6824,-51.4679,1.3060317956583296,1490.0,2560.0,1483.0,7809.0,4.6690000000000005,3.4277,8.7,2786556.0
402,4321204,TAQUARA,RS,não,1101.000097,57542,457.13,não,-29.6505,-50.7753,1.3060317956583296,925.0,2153.0,1323.0,6281.0,4.6690000000000005,3.4277,7.8,1139626.0
403,4314050,PAROBE,RS,não,1111.000919,56291,109.026,não,-29.6243,-50.8312,1.3060317956583296,671.0,1661.0,886.0,5909.0,4.6690000000000005,3.4277,7.8,1100549.0
404,4307609,ESTANCIA VELHA,RS,não,1165.000267,47304,52.378,não,-29.6535,-51.1843,1.3060317956583296,896.0,1546.0,1122.0,4727.0,4.599,3.299,9.0,1299292.0
405,4317608,SANTO ANTONIO DA PATRULHA,RS,não,sem info,42335,1048.904,não,-29.8268,-50.5175,1.3060317956583296,1030.0,2105.0,694.0,4604.0,4.6690000000000005,3.4277,,1065787.0
406,4305355,CHARQUEADAS,RS,não,1185.000126,38911,216.513,não,-29.9625,-51.6289,1.3060317956583296,429.0,972.0,652.0,2949.0,4.6690000000000005,3.4277,5.5,1087105.0
407,4306767,ELDORADO DO SUL,RS,não,1141.000127,38600,509.699,não,-30.0847,-51.6187,1.3060317956583296,844.0,1206.0,670.0,3385.0,4.6690000000000005,3.4277,,1197148.0
408,4310108,IGREJINHA,RS,não,1117.000591,34914,136.816,não,-29.5693,-50.7919,1.3060317956583296,554.0,1414.0,828.0,4062.0,4.6690000000000005,3.4277,6.3,1457191.0
409,4314803,PORTAO,RS,não,1162.000053,34708,159.942,não,-29.7015,-51.2429,1.3060317956583296,1685.0,1734.0,863.0,2649.0,4.6690000000000005,3.4277,,1144743.0
410,4308607,GARIBALDI,RS,não,1026.000913,33632,167.697,não,-29.259,-51.5352,1.3060317956583296,1518.0,2521.0,1083.0,2586.0,4.6690000000000005,3.4277,,1639854.0
411,4306403,DOIS IRMAOS,RS,não,1143.000881,30765,65.156,não,-29.5836,-51.0898,1.3060317956583296,513.0,1131.0,918.0,2138.0,4.6690000000000005,3.4277,,1495884.0
412,4308201,FLORES DA CUNHA,RS,não,962.506,29609,272.662,não,-29.0261,-51.1875,1.3060317956583296,1653.0,2664.0,1006.0,1918.0,4.6690000000000005,3.4277,,1249485.0
413,4322004,TRIUNFO,RS,não,1197.000954,28297,823.416,não,-29.9291,-51.7075,1.3060317956583296,649.0,1141.0,376.0,2137.0,4.6690000000000005,3.4277,,5103874.0
414,4304804,CARLOS BARBOSA,RS,não,1022.000043,28102,229.906,não,-29.2969,-51.5028,1.3060317956583296,913.0,1899.0,903.0,2184.0,4.6690000000000005,3.4277,,1732160.0
415,4318507,SAO JOSE DO NORTE,RS,não,1351.00059,27208,1117.873,não,-32.0151,-52.0331,1.3060317956583296,451.0,841.0,294.0,2860.0,4.6690000000000005,3.4277,,
416,4313375,NOVA SANTA RITA,RS,não,1145.00095,26472,217.868,não,-29.8525,-51.2837,1.3060317956583296,1052.0,1091.0,547.0,2165.0,4.6690000000000005,3.4277,,1082004.0
417,4304663,CAPAO DO LEAO,RS,não,1384.000891,25495,785.374,não,-31.7565,-52.4889,1.3060317956583296,542.0,686.0,297.0,3550.0,4.6690000000000005,3.4277,,
418,4319505,SAO SEBASTIAO DO CAI,RS,não,1050.000446,24970,111.452,não,-29.5885,-51.3749,1.3060317956583296,804.0,1005.0,511.0,1803.0,4.6690000000000005,3.4277,,
419,4318408,SAO JERONIMO,RS,não,1195.0007,23767,937.049,não,-29.9716,-51.7251,1.3060317956583296,353.0,663.0,357.0,1659.0,4.6690000000000005,3.4277,,
420,4319000,SAO MARCOS,RS,não,947.131,21364,256.254,não,-28.9677,-51.0696,1.3060317956583296,824.0,1881.0,620.0,1536.0,4.6690000000000005,3.4277,,
421,5208707,GOIANIA,GO,sim,960,1465990,739.492,sim,-16.6864,-49.2643,0.7112709345383798,24935.0,98784.0,42916.0,234789.0,4.832363636363637,3.8539000000000003,422.0,46094735.0
422,5201405,APARECIDA DE GOIANIA,GO,não,883.866,542258,288.465,não,-16.8198,-49.2469,0.7112709345383798,7644.0,16127.0,5685.0,81486.0,4.832363636363637,3.8539000000000003,137.0,11664369.0
423,5201108,ANAPOLIS,GO,não,1012,375103,918.375,não,-16.3281,-48.953,0.7112709345383798,9917.0,21545.0,7540.0,53138.0,4.832363636363637,3.8539000000000003,53.2,12714454.0
424,5218805,RIO VERDE,GO,não,899.445,217175,8388.295,sim,-17.7923,-50.9192,0.7112709345383798,4010.0,14612.0,3153.0,32096.0,4.832363636363637,3.8539000000000003,20.7,7377267.0
425,5212501,LUZIANIA,GO,não,991.497,199619,3961.536,não,-16.253,-47.95,0.7112709345383798,2502.0,4613.0,1321.0,13140.0,4.832363636363637,3.8539000000000003,36.5,3116626.0
426,5200258,AGUAS LINDAS DE GOIAS,GO,não,1071.000807,195922,191.198,não,-15.7617,-48.2816,0.7112709345383798,1391.0,2385.0,1094.0,5497.0,4.832363636363637,3.8539000000000003,24.3,1430749.0
427,5221858,VALPARAISO DE GOIAS,GO,não,1005.000935,159559,60.111,não,-16.0651,-47.9757,0.7112709345383798,789.0,2318.0,971.0,5670.0,4.832363636363637,3.8539000000000003,23.7,1974654.0
428,5221403,TRINDADE,GO,não,924.236,121280,713.28,não,-16.6517,-49.4927,0.7112709345383798,1342.0,3751.0,1148.0,17137.0,4.832363636363637,3.8539000000000003,19.6,1605550.0
429,5208004,FORMOSA,GO,não,1085.000994,115800,5806.891,não,-15.54,-47.336999999999996,0.7112709345383798,3471.0,6846.0,1621.0,12559.0,4.599,3.684,28.8,1719887.0
430,5215231,NOVO GAMA,GO,não,1014.000104,110110,191.675,não,-16.0592,-48.0417,0.7112709345383798,463.0,966.0,388.0,2575.0,4.832363636363637,3.8539000000000003,18.3,
431,5220454,SENADOR CANEDO,GO,não,916.733,105535,244.745,não,-16.7084,-49.0914,0.7112709345383798,1085.0,2768.0,1003.0,15610.0,4.832363636363637,3.8539000000000003,12.7,2392500.0
432,5217609,PLANALTINA,GO,não,1073.000662,88838,2539.113,não,-15.452,-47.6089,0.7112709345383798,751.0,1703.0,609.0,4000.0,4.832363636363637,3.8539000000000003,17.6,
433,5219753,SANTO ANTONIO DO DESCOBERTO,GO,não,1041.000736,71885,938.309,não,-15.9412,-48.2578,0.7112709345383798,342.0,694.0,349.0,2839.0,4.832363636363637,3.8539000000000003,12.2,
434,5208608,GOIANESIA,GO,não,1076.0006,67505,1547.65,não,-15.3118,-49.1162,0.7112709345383798,1174.0,3956.0,638.0,9353.0,4.832363636363637,3.8539000000000003,8.5,1044831.0
435,5205497,CIDADE OCIDENTAL,GO,não,1015.000083,66800,388.162,não,-16.0765,-47.9252,0.7112709345383798,234.0,632.0,225.0,2463.0,4.832363636363637,3.8539000000000003,8.7,
436,5206206,CRISTALINA,GO,não,909.872,55363,6160.722,não,-16.7676,-47.6131,0.7112709345383798,1920.0,3583.0,848.0,4114.0,4.56,3.78,6.9,1822694.0
437,5214606,NIQUELANDIA,GO,não,1206.000775,45898,9843.17,não,-14.4662,-48.4599,0.7112709345383798,722.0,2417.0,363.0,3907.0,4.832363636363637,3.8539000000000003,6.8,1025555.0
438,5208806,GOIANIRA,GO,não,934.173,41188,200.402,não,-16.4947,-49.427,0.7112709345383798,448.0,1333.0,380.0,5185.0,4.832363636363637,3.8539000000000003,,
439,5215603,PADRE BERNARDO,GO,não,1145.00097,32154,3137.903,não,-15.1605,-48.2833,0.7112709345383798,463.0,949.0,247.0,1116.0,4.832363636363637,3.8539000000000003,,
440,5203302,BELA VISTA DE GOIAS,GO,não,912.061,28517,1276.617,não,-16.9693,-48.9513,0.7112709345383798,534.0,1819.0,303.0,5043.0,4.832363636363637,3.8539000000000003,,
441,5214507,NEROPOLIS,GO,não,935.596,28275,204.216,não,-16.4047,-49.2227,0.7112709345383798,594.0,1490.0,366.0,3699.0,4.832363636363637,3.8539000000000003,,
442,5200308,ALEXANIA,GO,não,1014.000607,26768,847.891,não,-16.0834,-48.5076,0.7112709345383798,548.0,1122.0,286.0,2164.0,4.832363636363637,3.8539000000000003,5.7,
443,5217302,PIRENOPOLIS,GO,não,1023.000215,24751,2227.793,não,-15.8507,-48.9584,0.7112709345383798,337.0,1333.0,279.0,3459.0,4.832363636363637,3.8539000000000003,,
444,1501402,BELEM,PA,não,2859.000436,1451439,1064.918,sim,-1.4554,-48.4898,0.7570115603655422,8868.0,29099.0,18223.0,119945.0,4.599,3.599,126.7,28706165.0
445,1500800,ANANINDEUA,PA,não,2842.000467,515927,185.057,não,-1.36391,-48.3743,0.7570115603655422,4548.0,7512.0,3743.0,43572.0,4.846333333333333,3.853,70.5,5777643.0
446,1506807,SANTAREM,PA,não,3377.000337,296159,17876.647,não,-2.4384900000000003,-54.6996,0.7570115603655422,3247.0,9847.0,2113.0,43684.0,4.846333333333333,3.853,29.3,3789328.0
447,1504208,MARABA,PA,não,2463.000159,271660,15092.268,não,-5.38075,-49.1327,0.7570115603655422,3773.0,10207.0,2048.0,47982.0,4.846333333333333,3.853,29.9,6318506.0
448,1505536,PARAUAPEBAS,PA,não,2396.000008,202653,7007.737,não,-6.06781,-49.9037,0.7570115603655422,2644.0,8728.0,1484.0,32223.0,4.846333333333333,3.853,12.6,15568461.0
449,1502400,CASTANHAL,PA,não,2808.000689,195249,1029.191,não,-1.29797,-47.9167,0.7570115603655422,2973.0,4802.0,1040.0,31060.0,4.846333333333333,3.853,18.1,2712093.0
450,1500107,ABAETETUBA,PA,não,2759.000523,153334,1610.743,não,-1.72183,-48.8788,0.7570115603655422,402.0,791.0,416.0,18080.0,4.846333333333333,3.853,14.7,1058232.0
451,1502103,CAMETA,PA,não,2778.000279,134080,3081.36,não,-2.24295,-49.4979,0.7570115603655422,170.0,365.0,142.0,9765.0,4.846333333333333,3.853,9.0,
452,1504422,MARITUBA,PA,não,2843.000754,127907,103.279,não,-1.36002,-48.3421,0.7570115603655422,977.0,1284.0,404.0,9641.0,4.846333333333333,3.853,13.1,1421180.0
453,1501709,BRAGANCA,PA,não,2868.000833,124154,2090.234,não,-1.06126,-46.7826,0.7570115603655422,492.0,1487.0,184.0,11235.0,4.846333333333333,3.853,12.1,
454,1506500,SANTA IZABEL DO PARA,PA,não,2838.000529,68851,717.615,não,-1.2968600000000001,-48.1606,0.7570115603655422,,,,,4.846333333333333,3.853,,
455,1501501,BENEVIDES,PA,não,2862.000777,61013,187.868,não,-1.3618299999999999,-48.2434,0.7570115603655422,1042.0,769.0,243.0,5305.0,4.846333333333333,3.853,5.1,1051903.0
456,2111300,SAO LUIS,MA,não,2905.000239,1091347,827.141,sim,-2.53874,-44.2825,0.5493801704632822,10308.0,36035.0,14123.0,104838.0,4.309333333333332,3.719333333333333,283.0,26326087.0
457,2105302,IMPERATRIZ,MA,não,2287.000837,254461,1367.901,sim,-5.51847,-47.4777,0.5493801704632822,4278.0,11312.0,2068.0,55924.0,4.366111111111111,3.6111111111111107,15.4,5805306.0
458,2111201,SAO JOSE DE RIBAMAR,MA,não,2914.000343,177651,386.282,não,-2.54704,-44.0597,0.5493801704632822,899.0,3084.0,781.0,15279.0,4.099,3.399,45.2,1610892.0
459,2112209,TIMON,MA,não,2689.000172,167625,1740.559,não,-5.09769,-42.8329,0.5493801704632822,731.0,1789.0,300.0,28806.0,4.366111111111111,3.6111111111111107,11.5,1440381.0
460,2103000,CAXIAS,MA,não,2708.000853,162614,5223.981,não,-4.86505,-43.3617,0.5493801704632822,946.0,2236.0,364.0,33481.0,4.366111111111111,3.6111111111111107,6.8,1458634.0
461,2107506,PACO DO LUMIAR,MA,não,2911.000463,121909,132.41,não,-2.51657,-44.1019,0.5493801704632822,482.0,2011.0,452.0,9335.0,4.366111111111111,3.6111111111111107,26.9,
462,2103307,CODO,MA,não,2686.000293,120754,4364.499,não,-4.45562,-43.8924,0.5493801704632822,715.0,954.0,156.0,24013.0,4.366111111111111,3.6111111111111107,6.8,
463,2100055,ACAILANDIA,MA,não,2354.000283,111336,5806.307,não,-4.94714,-47.5004,0.5493801704632822,1790.0,3317.0,402.0,17868.0,4.366111111111111,3.6111111111111107,,1841292.0
464,2101202,BACABAL,MA,não,2654.000953,103318,1682.601,não,-4.224469999999999,-44.7832,0.5493801704632822,969.0,2010.0,290.0,22030.0,4.366111111111111,3.6111111111111107,,1066694.0
465,2109601,ROSARIO,MA,não,2854.000911,42313,685.027,não,-2.93444,-44.2531,0.5493801704632822,229.0,434.0,47.0,3520.0,4.366111111111111,3.6111111111111107,,
466,2110203,SANTA RITA,MA,não,2827.000655,37117,786.081,não,-3.14241,-44.3211,0.5493801704632822,186.0,408.0,42.0,4771.0,4.366111111111111,3.6111111111111107,,
467,2109452,RAPOSA,MA,não,2924.000889,30843,64.182,não,-2.4254,-44.0973,0.5493801704632822,127.0,461.0,69.0,2460.0,4.366111111111111,3.6111111111111107,5.0,
468,2105104,ICATU,MA,não,2895.000574,26834,1448.796,não,-2.7720599999999997,-44.0501,0.5493801704632822,26.0,137.0,14.0,1128.0,4.366111111111111,3.6111111111111107,,
469,2105500,JOAO LISBOA,MA,não,2351.000503,23020,1126.517,não,-5.443630000000001,-47.4064,0.5493801704632822,149.0,421.0,39.0,3347.0,4.366111111111111,3.6111111111111107,,
470,2100204,ALCANTARA,MA,não,2959.000215,21661,1483.232,não,-2.39574,-44.4062,0.5493801704632822,56.0,153.0,23.0,1170.0,4.366111111111111,3.6111111111111107,,
471,2704302,MACEIO,AL,não,2423.000245,1029166,510.655,sim,-9.665989999999999,-35.735,1.4445528683450268,7388.0,22483.0,13246.0,71840.0,4.530639655172413,3.6163407738095246,87.9,18302279.0
472,2700300,ARAPIRACA,AL,não,2328.000037,234177,351.475,não,-9.75487,-36.6615,1.4445528683450268,2944.0,6682.0,1775.0,41332.0,4.530639655172413,3.6163407738095246,8.6,3443406.0
473,2707701,RIO LARGO,AL,não,2425.00053,75691,309.425,não,-9.47783,-35.8394,1.4445528683450268,452.0,807.0,398.0,4164.0,4.530639655172413,3.6163407738095246,,
474,2704708,MARECHAL DEODORO,AL,não,2407.000359,52277,333.548,não,-9.709710000000001,-35.8967,1.4445528683450268,298.0,662.0,341.0,2399.0,4.530639655172413,3.6163407738095246,,1239678.0
475,2700409,ATALAIA,AL,não,2405.000859,47734,531.983,não,-9.5119,-36.0086,1.4445528683450268,204.0,251.0,164.0,1434.0,4.530639655172413,3.6163407738095246,,
476,2702900,GIRAU DO PONCIANO,AL,não,2305.000517,41287,502.15,não,-9.884039999999999,-36.8316,1.4445528683450268,207.0,512.0,84.0,4267.0,4.530639655172413,3.6163407738095246,,
477,2706901,PILAR,AL,não,2398.000529,35543,248.975,não,-9.60135,-35.9543,1.4445528683450268,155.0,352.0,187.0,1779.0,4.530639655172413,3.6163407738095246,,
478,2708808,SAO SEBASTIAO,AL,não,2302.000836,34546,305.746,não,-9.93043,-36.559,1.4445528683450268,171.0,404.0,37.0,3560.0,4.530639655172413,3.6163407738095246,,
479,2704203,LIMOEIRO DE ANADIA,AL,não,2367.000953,28951,315.668,não,-9.74098,-36.5121,1.4445528683450268,139.0,409.0,52.0,2234.0,4.530639655172413,3.6163407738095246,,
480,2709202,TRAIPU,AL,não,2312,28064,697.843,não,-9.96262,-37.0071,1.4445528683450268,105.0,168.0,16.0,2133.0,4.530639655172413,3.6163407738095246,,
481,2704005,JUNQUEIRO,AL,não,2310.000327,25079,254.067,não,-9.90696,-36.4803,1.4445528683450268,191.0,368.0,45.0,2184.0,4.530639655172413,3.6163407738095246,,
482,2702355,CRAIBAS,AL,não,2351.000364,24506,275.325,não,-9.6178,-36.7697,1.4445528683450268,272.0,379.0,51.0,2428.0,4.530639655172413,3.6163407738095246,,
483,2702603,FEIRA GRANDE,AL,não,"2,308,207",22472,155.974,não,-9.898589999999999,-36.6815,1.4445528683450268,102.0,362.0,24.0,2501.0,4.530639655172413,3.6163407738095246,,
484,2408102,NATAL,RN,não,2947.0009,885077,170.298,sim,-5.79357,-35.1986,0.3025112324705384,7201.0,28272.0,15795.0,94675.0,4.492666666666667,3.5178333333333334,108.5,19076030.0
485,2408003,MOSSORO,RN,não,2779.000273,295641,2110.207,não,-5.18374,-37.3474,0.3025112324705384,4173.0,9082.0,2512.0,51462.0,4.492666666666667,3.5178333333333334,11.5,6221099.0
486,2403251,PARNAMIRIM,RN,não,2929.000731,254919,120.202,não,-5.91116,-35.271,0.3025112324705384,2170.0,6183.0,3290.0,26034.0,4.769,3.5945,19.7,4408474.0
487,2412005,SAO GONCALO DO AMARANTE,RN,não,2954.000492,101169,251.308,não,-5.79068,-35.3257,0.3025112324705384,512.0,1303.0,528.0,8643.0,4.492666666666667,3.5178333333333334,,1630595.0
488,2407104,MACAIBA,RN,não,"2,943,509",80386,512.487,não,-5.85229,-35.3552,0.3025112324705384,904.0,1314.0,409.0,9117.0,4.379,3.479,,1356254.0
489,2402600,CEARA-MIRIM,RN,não,2972.000503,73835,739.686,não,-5.64323,-35.4247,0.3025112324705384,394.0,1327.0,317.0,6685.0,4.492666666666667,3.5178333333333334,,
490,2412203,SAO JOSE DE MIPIBU,RN,não,2910.000696,43991,293.877,não,-6.0773,-35.2417,0.3025112324705384,422.0,853.0,239.0,4595.0,4.33,3.48,,
491,2403608,EXTREMOZ,RN,não,2971.000502,28335,125.665,não,-5.70143,-35.3048,0.3025112324705384,110.0,515.0,156.0,2806.0,4.492666666666667,3.5178333333333334,,
492,2408201,NISIA FLORESTA,RN,não,"2,913,185",27376,306.051,não,-6.0932900000000005,-35.1991,0.3025112324705384,100.0,396.0,119.0,2371.0,4.492666666666667,3.5178333333333334,,
493,2404200,GOIANINHA,RN,não,2890.000266,26073,192.277,não,-6.26486,-35.1943,0.3025112324705384,209.0,398.0,140.0,2307.0,4.492666666666667,3.5178333333333334,,
494,2407807,MONTE ALEGRE,RN,não,2922.000865,22459,199.519,não,-6.07063,-35.3253,0.3025112324705384,135.0,283.0,76.0,2313.0,4.492666666666667,3.5178333333333334,,
495,5002704,CAMPO GRANDE,MS,não,993.838,874184,8096.051,sim,-20.4486,-54.6295,0.5552730863805821,16006.0,51091.0,19093.0,137103.0,4.1480999999999995,3.591,332.0,23902135.0
496,5003702,DOURADOS,MS,não,1007.000715,218063,4086.387,sim,-22.2231,-54.812,0.5552730863805821,4477.0,15076.0,3869.0,33396.0,4.349,3.609,40.7,6958573.0
497,5008305,TRES LAGOAS,MS,não,668.593,117498,10206.37,sim,-20.7849,-51.7007,0.5552730863805821,2045.0,7331.0,2065.0,21269.0,4.436,3.734,18.4,7204774.0
498,5003207,CORUMBA,MS,não,1432.000106,109900,64960.863,sim,-19.0077,-57.651,0.5552730863805821,999.0,3247.0,987.0,10943.0,4.72,3.89,21.5,3101210.0
499,2211001,TERESINA,PI,não,2686.000729,850083,1670.798,sim,-5.09194,-42.8034,0.8091874807776357,11719.0,37614.0,11158.0,173416.0,4.449,3.689,218.0,17762266.0
500,2207702,PARNAIBA,PI,não,3011.00088,150504,435.564,sim,-2.90585,-41.7754,0.8091874807776357,1371.0,4694.0,1087.0,42847.0,4.6745,3.6195,7.1,1663949.0
501,2211100,UNIAO,PI,não,2748.000103,43744,1173.447,não,-4.58571,-42.8583,0.8091874807776357,187.0,488.0,78.0,7014.0,4.6745,3.6195,,
502,2200400,ALTOS,PI,não,"2,714,749",39850,957.617,não,-5.038880000000001,-42.4612,0.8091874807776357,313.0,677.0,95.0,7984.0,4.6745,3.6195,,
503,2205508,JOSE DE FREITAS,PI,não,2756.000439,38542,1538.205,não,-4.75146,-42.5746,0.8091874807776357,153.0,573.0,71.0,7103.0,4.6745,3.6195,5.7,
504,2507507,JOAO PESSOA,PB,não,2773.000992,811847,210.551,sim,-7.1150899999999995,-34.8641,0.8526039979541387,6090.0,24501.0,13510.0,102946.0,4.599,3.799,93.2,17462539.0
505,2504009,CAMPINA GRANDE,PB,não,2673.000975,410310,620.628,sim,-7.22196,-35.8731,0.8526039979541387,4322.0,11548.0,4087.0,55242.0,4.599,3.799,42.9,7541055.0
506,2513703,SANTA RITA,PB,não,2788.000371,136849,726.565,não,-7.11724,-34.9753,0.8526039979541387,944.0,1858.0,552.0,14841.0,4.599,3.799,5.7,2079084.0
507,2510808,PATOS,PB,não,2636.000528,107788,512.791,não,-7.01743,-37.2747,0.8526039979541387,700.0,2736.0,666.0,20476.0,4.599,3.799,5.1,1322958.0
508,2501807,BAYEUX,PB,não,2769.00089,96994,31.784,não,-7.1238,-34.9293,0.8526039979541387,730.0,1300.0,426.0,10823.0,4.599,3.799,,1080912.0
509,2503209,CABEDELO,PB,não,2783.000556,68081,31.265,não,-6.987310000000001,-34.8284,0.8526039979541387,521.0,1686.0,927.0,5864.0,4.599,3.799,15.4,2294113.0
510,2512507,QUEIMADAS,PB,não,2656.000451,44209,409.196,não,-7.350289999999999,-35.9031,0.8526039979541387,517.0,897.0,319.0,5727.0,4.599,3.799,,
511,2511202,PEDRAS DE FOGO,PB,não,2728.000248,28494,401.12,não,-7.39107,-35.1065,0.8526039979541387,307.0,532.0,111.0,1697.0,4.599,3.799,,
512,2508307,LAGOA SECA,PB,não,2681.000654,27540,109.342,não,-7.15535,-35.8491,0.8526039979541387,271.0,699.0,184.0,3392.0,4.599,3.799,,
513,2504603,CONDE,PB,não,2755.000476,24783,172.949,não,-7.257460000000001,-34.8999,0.8526039979541387,144.0,497.0,119.0,2753.0,4.599,3.799,,
514,2512903,RIO TINTO,PB,não,2822.000489,24149,466.397,não,-6.8038300000000005,-35.0776,0.8526039979541387,111.0,315.0,89.0,2530.0,4.599,3.799,,
515,2503001,CAAPORA,PB,não,2731.000539,21873,150.168,não,-7.513510000000001,-34.9055,0.8526039979541387,63.0,187.0,58.0,939.0,4.599,3.799,,
516,2800308,ARACAJU,SE,não,2168.000644,650200,174.053,sim,-10.9091,-37.0677,1.7640086569722015,5949.0,19749.0,11174.0,62078.0,4.799,3.799,48.1,14893787.0
517,2804805,NOSSA SENHORA DO SOCORRO,SE,não,2166.000364,181946,157.515,não,-10.8468,-37.1231,1.7640086569722015,1047.0,1766.0,683.0,14387.0,4.799,3.799,,2545661.0
518,2806701,SAO CRISTOVAO,SE,não,2154.000087,89241,437.437,não,-11.0084,-37.2044,1.7640086569722015,443.0,1177.0,340.0,7033.0,4.799,3.799,,
519,2800605,BARRA DOS COQUEIROS,SE,não,2173.000629,29820,91.101,não,-10.8996,-37.0323,1.7640086569722015,88.0,355.0,159.0,1828.0,4.799,3.799,,
520,5103403,CUIABA,MT,não,1527.000113,589902,3538.167,sim,-15.600999999999999,-56.0974,0.786048031527005,10718.0,40675.0,14466.0,92897.0,4.83,4.066666666666666,244.0,20525597.0
521,5108402,VARZEA GRANDE,MT,não,1531.000945,273934,938.057,não,-15.6458,-56.1322,0.786048031527005,5389.0,13454.0,3776.0,45667.0,4.83,4.066666666666666,81.4,5907741.0
522,5107602,RONDONOPOLIS,MT,não,1315.000267,222393,4165.232,não,-16.4673,-54.6372,0.786048031527005,4888.0,15759.0,3248.0,51733.0,4.83,4.066666666666666,38.7,7643566.0
523,5107909,SINOP,MT,não,2003.000711,135934,3194.339,não,-11.8604,-55.5091,0.786048031527005,3903.0,12905.0,2452.0,31011.0,4.83,4.066666666666666,17.0,4287335.0
524,5106505,POCONE,MT,não,1631.000369,32258,17260.861,não,-16.266,-56.6261,0.786048031527005,612.0,1391.0,199.0,5545.0,4.83,4.066666666666666,5.7,
525,4209102,JOINVILLE,SC,não,522.395,577024,1125.7,sim,-26.3045,-48.8487,0.44154354715814353,8362.0,22164.0,16388.0,59428.0,4.253933333333334,3.4907222222222227,114.4,24570851.0
526,4205407,FLORIANOPOLIS,SC,não,696.236,485865,433.317,sim,-27.5945,-48.5477,0.44154354715814353,3772.0,19525.0,22676.0,48411.0,4.098999999999999,3.499,31.9,17328527.0
527,4202404,BLUMENAU,SC,não,603.569,348494,519.837,não,-26.9155,-49.0709,0.44154354715814353,5651.0,16952.0,12201.0,40789.0,4.097,3.537,44.0,16767107.0
528,4216602,SAO JOSE,SC,não,692.051,239719,113.171,não,-27.6136,-48.6366,0.44154354715814353,3570.0,10481.0,6824.0,30526.0,4.253933333333334,3.4907222222222227,32.2,7984979.0
529,4204202,CHAPECO,SC,não,884.271,213300,624.308,sim,-27.1004,-52.6152,0.44154354715814353,4642.0,14482.0,6371.0,26889.0,4.432333333333333,3.469,,7713607.0
530,4208203,ITAJAI,SC,não,605.809,212632,289.255,não,-26.9101,-48.6705,0.44154354715814353,4596.0,9576.0,5891.0,29621.0,3.7889999999999997,3.3485,20.9,17128932.0
531,4204608,CRICIUMA,SC,não,879.472,211334,235.628,não,-28.6723,-49.3729,0.44154354715814353,3530.0,9589.0,6159.0,25313.0,4.253933333333334,3.4907222222222227,7.2,6480936.0
532,4208906,JARAGUA DO SUL,SC,não,554.523,170879,532.59,não,-26.4851,-49.0713,0.44154354715814353,2659.0,8256.0,4846.0,18665.0,4.175,3.335,16.7,6996440.0
533,4211900,PALHOCA,SC,não,697.93,164976,394.662,não,-27.6455,-48.6697,0.44154354715814353,2625.0,7254.0,4219.0,22501.0,4.253933333333334,3.4907222222222227,19.4,5246293.0
534,4209300,LAGES,SC,não,770.054,158449,2644.313,sim,-27.815,-50.3259,0.44154354715814353,3540.0,9481.0,3914.0,13996.0,4.253933333333334,3.4907222222222227,15.9,4255922.0
535,4202008,BALNEARIO CAMBORIU,SC,não,616.167,135348,46.489,não,-26.9926,-48.6352,0.44154354715814353,933.0,5636.0,5736.0,15367.0,4.253933333333334,3.4907222222222227,12.8,4445241.0
536,4202909,BRUSQUE,SC,não,634.469,128872,283.445,não,-27.0977,-48.9107,0.44154354715814353,2646.0,8445.0,4773.0,18490.0,4.09,3.39,12.8,5394835.0
537,4215802,SAO BENTO DO SUL,SC,não,516.892,82831,495.578,não,-26.2495,-49.3831,0.44154354715814353,1732.0,5274.0,1922.0,9073.0,4.253933333333334,3.4907222222222227,10.8,3115362.0
538,4203204,CAMBORIU,SC,não,616.167,78783,214.5,não,-27.0241,-48.6503,0.44154354715814353,1209.0,3277.0,1556.0,14363.0,4.253933333333334,3.4907222222222227,7.2,
539,4211306,NAVEGANTES,SC,não,601.819,77193,111.461,sim,-26.8943,-48.6546,0.44154354715814353,921.0,2355.0,1391.0,10993.0,4.253933333333334,3.4907222222222227,6.7,3682249.0
540,4205902,GASPAR,SC,não,622.528,67399,386.354,não,-26.9336,-48.9534,0.44154354715814353,1437.0,3951.0,1788.0,8322.0,4.253933333333334,3.4907222222222227,5.6,2392250.0
541,4201406,ARARANGUA,SC,não,894.476,67097,303.799,não,-28.9356,-49.4918,0.44154354715814353,1439.0,3545.0,1621.0,9983.0,4.253933333333334,3.4907222222222227,,1469994.0
542,4202305,BIGUACU,SC,não,675.904,66560,324.521,não,-27.496,-48.6598,0.44154354715814353,1500.0,2803.0,1395.0,9422.0,4.253933333333334,3.4907222222222227,12.3,1521844.0
543,4207502,INDAIAL,SC,não,614.011,66522,430.534,não,-26.8992,-49.2354,0.44154354715814353,1649.0,3590.0,1863.0,8220.0,4.253933333333334,3.4907222222222227,7.0,2280268.0
544,4208302,ITAPEMA,SC,não,628.308,61256,59.022,não,-27.0861,-48.61600000000001,0.44154354715814353,658.0,3109.0,2104.0,6895.0,4.253933333333334,3.4907222222222227,,1363896.0
545,4210100,MAFRA,SC,não,525.306,55890,1404.206,não,-26.1159,-49.8086,0.44154354715814353,1474.0,3824.0,1127.0,7299.0,4.253933333333334,3.4907222222222227,6.9,1403622.0
546,4207007,ICARA,SC,não,866.365,54844,228.055,não,-28.7132,-49.3087,0.44154354715814353,1900.0,3040.0,1229.0,8985.0,4.253933333333334,3.4907222222222227,11.9,1938907.0
547,4203808,CANOINHAS,SC,não,589.204,54384,1144.837,não,-26.1766,-50.395,0.44154354715814353,1354.0,3689.0,951.0,6593.0,4.253933333333334,3.4907222222222227,6.9,1388257.0
548,4216206,SAO FRANCISCO DO SUL,SC,não,571.373,50714,492.819,não,-26.2579,-48.6344,0.44154354715814353,769.0,2022.0,922.0,5746.0,4.253933333333334,3.4907222222222227,5.6,3303236.0
549,4219507,XANXERE,SC,não,840.032,49735,377.553,não,-26.8747,-52.4036,0.44154354715814353,1358.0,3971.0,1461.0,4374.0,4.253933333333334,3.4907222222222227,11.7,1411889.0
550,4206504,GUARAMIRIM,SC,não,546.052,42889,268.119,não,-26.4688,-49.0026,0.44154354715814353,1091.0,2115.0,812.0,5609.0,4.253933333333334,3.4907222222222227,,2397188.0
551,4218202,TIMBO,SC,não,608.567,42805,127.251,não,-26.8246,-49.269,0.44154354715814353,760.0,2537.0,1389.0,4903.0,4.253933333333334,3.4907222222222227,5.1,1792599.0
552,4215000,RIO NEGRINHO,SC,não,527.216,42017,908.391,não,-26.2591,-49.5177,0.44154354715814353,1133.0,2516.0,810.0,5002.0,4.253933333333334,3.4907222222222227,,
553,4204806,CURITIBANOS,SC,não,731.114,39553,952.283,não,-27.2824,-50.5816,0.44154354715814353,1074.0,3015.0,863.0,3090.0,4.253933333333334,3.4907222222222227,6.0,
554,4218004,TIJUCAS,SC,não,645.106,36941,276.622,não,-27.2354,-48.6322,0.44154354715814353,1092.0,1948.0,900.0,4908.0,4.253933333333334,3.4907222222222227,,1344043.0
555,4201307,ARAQUARI,SC,não,549.867,35328,401.831,não,-26.3754,-48.7188,0.44154354715814353,924.0,1240.0,401.0,2527.0,4.253933333333334,3.4907222222222227,,1557838.0
556,4213609,PORTO UNIAO,SC,não,646.066,35196,851.239,não,-26.2451,-51.0759,0.44154354715814353,735.0,2366.0,999.0,3843.0,4.253933333333334,3.4907222222222227,5.1,
557,4216305,SAO JOAO BATISTA,SC,não,670.363,35103,220.726,não,-27.2772,-48.8474,0.44154354715814353,622.0,1483.0,625.0,4019.0,4.253933333333334,3.4907222222222227,,
558,4213203,POMERODE,SC,não,588.016,32338,215.904,não,-26.7384,-49.1785,0.44154354715814353,691.0,2007.0,1182.0,4396.0,4.253933333333334,3.4907222222222227,8.6,2169446.0
559,4212502,PENHA,SC,não,590.451,31040,58.783,não,-26.7754,-48.6465,0.44154354715814353,414.0,1288.0,632.0,3533.0,4.253933333333334,3.4907222222222227,,
560,4217709,SOMBRIO,SC,não,916.272,29708,142.745,não,-29.108,-49.6328,0.44154354715814353,792.0,1426.0,653.0,3782.0,4.253933333333334,3.4907222222222227,,
561,4219705,XAXIM,SC,não,858.647,28205,294.715,não,-26.9596,-52.5374,0.44154354715814353,780.0,2017.0,632.0,2889.0,4.253933333333334,3.4907222222222227,5.1,
562,4202107,BARRA VELHA,SC,não,567.766,27795,140.16,não,-26.636999999999997,-48.6933,0.44154354715814353,632.0,1409.0,607.0,3112.0,4.253933333333334,3.4907222222222227,,1789747.0
563,4216503,SAO JOAQUIM,SC,não,848.997,26639,1885.608,não,-28.2887,-49.9457,0.44154354715814353,1156.0,2441.0,483.0,1664.0,4.253933333333334,3.4907222222222227,,
564,4205456,FORQUILHINHA,SC,não,890.312,25989,181.915,não,-28.7454,-49.4785,0.44154354715814353,627.0,1399.0,414.0,5310.0,4.253933333333334,3.4907222222222227,,
565,4208104,ITAIOPOLIS,SC,não,553.352,21500,1295.319,não,-26.339000000000002,-49.9092,0.44154354715814353,704.0,1459.0,304.0,3133.0,4.253933333333334,3.4907222222222227,,
566,4219002,URUSSANGA,SC,não,867.998,21169,240.476,não,-28.518,-49.3238,0.44154354715814353,511.0,1418.0,546.0,4163.0,4.253933333333334,3.4907222222222227,,
567,1100205,PORTO VELHO,RO,não,3013.000203,519563,34082.366,sim,-8.760769999999999,-63.8999,0.0,7585.0,27441.0,6157.0,87039.0,4.324,3.7075,41.2,12609918.0
568,1100122,JI-PARANA,RO,não,2638.000594,132642,6896.782,não,-10.8777,-61.9322,0.0,3201.0,9039.0,1112.0,37225.0,4.769,3.689,23.4,2684653.0
569,3205002,SERRA,ES,não,981.958,502782,553.254,não,-20.121,-40.3074,0.9099590428677575,9096.0,14225.0,6722.0,30734.0,4.530639655172413,3.6163407738095246,81.6,17588904.0
570,3205200,VILA VELHA,ES,não,950.032,486457,208.82,não,-20.3417,-40.2875,0.9099590428677575,4458.0,14937.0,10946.0,36570.0,4.530639655172413,3.6163407738095246,54.5,10937646.0
571,3201308,CARIACICA,ES,não,954.248,387294,279.975,não,-20.2632,-40.4165,0.9099590428677575,6024.0,10713.0,4844.0,34435.0,4.530639655172413,3.6163407738095246,41.1,8517305.0
572,3205309,VITORIA,ES,não,956.816,363117,93.381,sim,-20.3155,-40.3128,0.9099590428677575,4349.0,16528.0,12018.0,22310.0,4.530639655172413,3.6163407738095246,53.1,23370919.0
573,3201209,CACHOEIRO DE ITAPEMIRIM,ES,não,832.152,211869,876.792,não,-20.8462,-41.1198,0.9099590428677575,5297.0,9233.0,2830.0,24967.0,4.530639655172413,3.6163407738095246,16.9,4929324.0
574,3203205,LINHARES,ES,não,1089.000047,169296,3501.604,não,-19.3946,-40.0643,0.9099590428677575,3055.0,7019.0,1689.0,16907.0,4.530639655172413,3.6163407738095246,16.1,5294467.0
575,3204906,SAO MATEUS,ES,não,1144.000717,128272,2343.251,não,-18.7214,-39.8579,0.9099590428677575,1363.0,4491.0,996.0,12786.0,4.530639655172413,3.6163407738095246,10.0,1992503.0
576,3201506,COLATINA,ES,não,992.342,124504,1423.271,não,-19.5493,-40.6269,0.9099590428677575,2628.0,6356.0,1252.0,14779.0,4.530639655172413,3.6163407738095246,12.6,3001424.0
577,3202405,GUARAPARI,ES,não,909.941,123181,592.231,não,-20.6772,-40.5093,0.9099590428677575,1421.0,6377.0,3186.0,13380.0,4.530639655172413,3.6163407738095246,11.6,1894702.0
578,3205101,VIANA,ES,não,941.144,76790,311.608,não,-20.3825,-40.4933,0.9099590428677575,1359.0,2377.0,899.0,6014.0,4.530639655172413,3.6163407738095246,7.2,1589749.0
579,1600303,MACAPA,AP,não,3402,474699,6407.123,não,0.034934,-51.0694,0.0,3017.0,18050.0,3581.0,47855.0,4.530639655172413,3.6163407738095246,32.7,8901882.0
580,1600600,SANTANA,AP,não,sem info,115438,1577.517,não,-0.045433999999999995,-51.1729,0.0,658.0,2495.0,504.0,9112.0,4.530639655172413,3.6163407738095246,15.5,1874614.0
581,1200401,RIO BRANCO,AC,não,3526,383452,9222.577,não,-9.97499,-67.8243,0.0,4236.0,17050.0,3424.0,68857.0,4.530639655172413,3.6163407738095246,44.9,8192366.0
582,1400100,BOA VISTA,RR,não,4650.000299,332025,5687.064,não,2.82384,-60.6753,0.0,3969.0,24487.0,4559.0,65453.0,4.530639655172413,3.6163407738095246,28.0,7339681.0
583,1721000,PALMAS,TO,não,1722.000669,287017,2218.934,sim,-10.24,-48.3558,0.7731035155872519,4821.0,17464.0,4746.0,49029.0,4.922,3.63675,39.3,6544297.0
584,1702109,ARAGUAINA,TO,não,2042.00055,175996,4000.395,não,-7.19238,-48.2044,0.7731035155872519,3709.0,11524.0,1494.0,34234.0,4.79,3.499,20.5,3053585.0
585,1718204,PORTO NACIONAL,TO,não,1665.000883,52811,4449.892,não,-10.7027,-48.408,0.7731035155872519,844.0,2581.0,354.0,9824.0,4.922,3.63675,,1120815.0
586,1716109,PARAISO DO TOCANTINS,TO,não,1685.000262,50359,1297.018,não,-10.175,-48.8823,0.7731035155872519,1281.0,3108.0,412.0,9939.0,4.922,3.63675,,
587,1713205,MIRACEMA DO TOCANTINS,TO,não,1790.000625,19040,2656.078,não,-9.565560000000001,-48.393,0.7731035155872519,197.0,751.0,122.0,2759.0,4.922,3.63675,,
